"","date","transect","region","featureid"
"1",2006-07-18,"Camp 70-Yellow Creek0","Canaan",205398689
"2",2005-07-19,"Camp 70-Yellow Creek0","Canaan",205398689
"3",2004-07-30,"Camp 70-Yellow Creek0","Canaan",205398689
"4",2002-07-31,"Camp 70-Yellow Creek0","Canaan",205398689
"5",2003-07-31,"Camp 70-Yellow Creek0","Canaan",205398689
"6",2001-07-25,"Cortland1",NA,NA
"7",2005-07-18,"Cortland2","Canaan",205399857
"8",2006-07-19,"Cortland2","Canaan",205399857
"9",2002-07-30,"Cortland2","Canaan",205399857
"10",2004-07-30,"Cortland2","Canaan",205399857
"11",2003-07-31,"Cortland2","Canaan",205399857
"12",2001-08-01,"Cortland2","Canaan",205399857
"13",2005-07-19,"Freeland Run1","Canaan",205401164
"14",2006-07-21,"Freeland Run1","Canaan",205401164
"15",2001-07-24,"Freeland Run1","Canaan",205401164
"16",2004-07-29,"Freeland Run1","Canaan",205401164
"17",2003-07-30,"Freeland Run1","Canaan",205401164
"18",2002-07-31,"Freeland Run1","Canaan",205401164
"19",2005-07-12,"Freeland Run2","Canaan",205401164
"20",2006-07-19,"Freeland Run2","Canaan",205401164
"21",2001-07-24,"Freeland Run2","Canaan",205401164
"22",2004-07-29,"Freeland Run2","Canaan",205401164
"23",2003-07-30,"Freeland Run2","Canaan",205401164
"24",2002-07-31,"Freeland Run2","Canaan",205401164
"25",2005-07-11,"Freeland Run3","Canaan",205400902
"26",2006-07-21,"Freeland Run3","Canaan",205400902
"27",2001-07-25,"Freeland Run3","Canaan",205400902
"28",2004-07-29,"Freeland Run3","Canaan",205400902
"29",2002-07-31,"Freeland Run3","Canaan",205400902
"30",2003-07-31,"Freeland Run3","Canaan",205400902
"31",2005-07-15,"Idleman's Run1","Canaan",205400805
"32",2006-07-18,"Idleman's Run1","Canaan",205400805
"33",2001-07-23,"Idleman's Run1","Canaan",205400805
"34",2004-07-28,"Idleman's Run1","Canaan",205400805
"35",2002-07-30,"Idleman's Run1","Canaan",205400805
"36",2003-07-30,"Idleman's Run1","Canaan",205400805
"37",2005-07-15,"Idleman's Run2","Canaan",205400805
"38",2006-07-18,"Idleman's Run2","Canaan",205400805
"39",2001-07-23,"Idleman's Run2","Canaan",205400805
"40",2004-07-28,"Idleman's Run2","Canaan",205400805
"41",2002-07-30,"Idleman's Run2","Canaan",205400805
"42",2003-07-30,"Idleman's Run2","Canaan",205400805
"43",2005-07-18,"Idleman's Run3","Canaan",205400805
"44",2006-07-19,"Idleman's Run3","Canaan",205400805
"45",2001-07-24,"Idleman's Run3","Canaan",205400805
"46",2004-07-28,"Idleman's Run3","Canaan",205400805
"47",2002-07-30,"Idleman's Run3","Canaan",205400805
"48",2003-07-31,"Idleman's Run3","Canaan",205400805
"49",2005-07-05,"COST21-1","Capital",2021047603
"50",2005-07-29,"COST21-1","Capital",2021047603
"51",2006-06-13,"COST21-1","Capital",2021047603
"52",2006-07-17,"COST21-1","Capital",2021047603
"53",2007-06-05,"COST21-1","Capital",2021047603
"54",2007-07-11,"COST21-1","Capital",2021047603
"55",2008-06-02,"COST21-1","Capital",2021047603
"56",2008-07-01,"COST21-1","Capital",2021047603
"57",2009-06-03,"COST21-1","Capital",2021047603
"58",2009-07-03,"COST21-1","Capital",2021047603
"59",2010-06-04,"COST21-1","Capital",2021047603
"60",2010-07-06,"COST21-1","Capital",2021047603
"61",2011-06-22,"COST21-1","Capital",2021047603
"62",2011-07-27,"COST21-1","Capital",2021047603
"63",2012-06-22,"COST21-1","Capital",2021047603
"64",2012-07-25,"COST21-1","Capital",2021047603
"65",2013-06-28,"COST21-1","Capital",2021047603
"66",2013-07-25,"COST21-1","Capital",2021047603
"67",2014-07-22,"COST21-1","Capital",2021047603
"68",2014-08-07,"COST21-1","Capital",2021047603
"69",2015-06-30,"COST21-1","Capital",2021047603
"70",2016-06-21,"COST21-1","Capital",2021047603
"71",2016-07-26,"COST21-1","Capital",2021047603
"72",2017-07-27,"COST21-1","Capital",2021047603
"73",2005-07-05,"COST21-2","Capital",2021047603
"74",2005-07-21,"COST21-2","Capital",2021047603
"75",2006-06-13,"COST21-2","Capital",2021047603
"76",2006-07-17,"COST21-2","Capital",2021047603
"77",2007-06-05,"COST21-2","Capital",2021047603
"78",2007-07-11,"COST21-2","Capital",2021047603
"79",2008-06-02,"COST21-2","Capital",2021047603
"80",2008-07-01,"COST21-2","Capital",2021047603
"81",2009-06-03,"COST21-2","Capital",2021047603
"82",2009-07-03,"COST21-2","Capital",2021047603
"83",2010-06-04,"COST21-2","Capital",2021047603
"84",2010-07-06,"COST21-2","Capital",2021047603
"85",2011-06-22,"COST21-2","Capital",2021047603
"86",2011-07-27,"COST21-2","Capital",2021047603
"87",2012-06-22,"COST21-2","Capital",2021047603
"88",2012-07-25,"COST21-2","Capital",2021047603
"89",2013-06-28,"COST21-2","Capital",2021047603
"90",2013-07-25,"COST21-2","Capital",2021047603
"91",2014-07-22,"COST21-2","Capital",2021047603
"92",2014-08-07,"COST21-2","Capital",2021047603
"93",2015-06-30,"COST21-2","Capital",2021047603
"94",2016-06-21,"COST21-2","Capital",2021047603
"95",2016-07-26,"COST21-2","Capital",2021047603
"96",2017-07-27,"COST21-2","Capital",2021047603
"97",2005-07-05,"COST21-3","Capital",2022348265
"98",2005-07-29,"COST21-3","Capital",2022348265
"99",2006-06-13,"COST21-3","Capital",2022348265
"100",2006-07-17,"COST21-3","Capital",2022348265
"101",2007-06-05,"COST21-3","Capital",2022348265
"102",2007-07-11,"COST21-3","Capital",2022348265
"103",2008-06-02,"COST21-3","Capital",2022348265
"104",2008-07-01,"COST21-3","Capital",2022348265
"105",2009-06-03,"COST21-3","Capital",2022348265
"106",2009-07-03,"COST21-3","Capital",2022348265
"107",2010-06-04,"COST21-3","Capital",2022348265
"108",2010-07-06,"COST21-3","Capital",2022348265
"109",2011-06-22,"COST21-3","Capital",2022348265
"110",2011-07-27,"COST21-3","Capital",2022348265
"111",2012-06-22,"COST21-3","Capital",2022348265
"112",2012-07-25,"COST21-3","Capital",2022348265
"113",2013-06-28,"COST21-3","Capital",2022348265
"114",2013-07-25,"COST21-3","Capital",2022348265
"115",2014-07-22,"COST21-3","Capital",2022348265
"116",2014-08-07,"COST21-3","Capital",2022348265
"117",2015-06-30,"COST21-3","Capital",2022348265
"118",2016-06-21,"COST21-3","Capital",2022348265
"119",2016-07-26,"COST21-3","Capital",2022348265
"120",2017-07-27,"COST21-3","Capital",2022348265
"121",2005-07-05,"COST21-4","Capital",2022348265
"122",2005-07-29,"COST21-4","Capital",2022348265
"123",2006-06-13,"COST21-4","Capital",2022348265
"124",2006-07-17,"COST21-4","Capital",2022348265
"125",2007-06-05,"COST21-4","Capital",2022348265
"126",2007-07-11,"COST21-4","Capital",2022348265
"127",2008-06-02,"COST21-4","Capital",2022348265
"128",2008-07-01,"COST21-4","Capital",2022348265
"129",2009-06-03,"COST21-4","Capital",2022348265
"130",2009-07-03,"COST21-4","Capital",2022348265
"131",2010-06-04,"COST21-4","Capital",2022348265
"132",2010-07-06,"COST21-4","Capital",2022348265
"133",2011-06-22,"COST21-4","Capital",2022348265
"134",2011-07-27,"COST21-4","Capital",2022348265
"135",2012-06-22,"COST21-4","Capital",2022348265
"136",2012-07-25,"COST21-4","Capital",2022348265
"137",2013-06-28,"COST21-4","Capital",2022348265
"138",2013-07-25,"COST21-4","Capital",2022348265
"139",2014-07-22,"COST21-4","Capital",2022348265
"140",2014-08-07,"COST21-4","Capital",2022348265
"141",2015-06-30,"COST21-4","Capital",2022348265
"142",2016-06-21,"COST21-4","Capital",2022348265
"143",2016-07-26,"COST21-4","Capital",2022348265
"144",2017-07-27,"COST21-4","Capital",2022348265
"145",2005-07-05,"COST22-1","Capital",2021049849
"146",2005-07-27,"COST22-1","Capital",2021049849
"147",2006-06-13,"COST22-1","Capital",2021049849
"148",2006-07-17,"COST22-1","Capital",2021049849
"149",2007-06-05,"COST22-1","Capital",2021049849
"150",2007-07-11,"COST22-1","Capital",2021049849
"151",2008-06-02,"COST22-1","Capital",2021049849
"152",2008-07-01,"COST22-1","Capital",2021049849
"153",2009-06-01,"COST22-1","Capital",2021049849
"154",2009-07-03,"COST22-1","Capital",2021049849
"155",2010-06-04,"COST22-1","Capital",2021049849
"156",2010-07-06,"COST22-1","Capital",2021049849
"157",2011-06-22,"COST22-1","Capital",2021049849
"158",2011-07-27,"COST22-1","Capital",2021049849
"159",2012-06-22,"COST22-1","Capital",2021049849
"160",2012-07-25,"COST22-1","Capital",2021049849
"161",2013-06-28,"COST22-1","Capital",2021049849
"162",2013-07-25,"COST22-1","Capital",2021049849
"163",2014-07-22,"COST22-1","Capital",2021049849
"164",2014-08-07,"COST22-1","Capital",2021049849
"165",2015-06-30,"COST22-1","Capital",2021049849
"166",2016-06-21,"COST22-1","Capital",2021049849
"167",2016-07-26,"COST22-1","Capital",2021049849
"168",2017-07-27,"COST22-1","Capital",2021049849
"169",2005-07-05,"COST22-2","Capital",2021047761
"170",2005-07-27,"COST22-2","Capital",2021047761
"171",2006-06-13,"COST22-2","Capital",2021047761
"172",2006-07-17,"COST22-2","Capital",2021047761
"173",2007-06-05,"COST22-2","Capital",2021047761
"174",2007-07-11,"COST22-2","Capital",2021047761
"175",2008-06-02,"COST22-2","Capital",2021047761
"176",2008-07-01,"COST22-2","Capital",2021047761
"177",2009-06-01,"COST22-2","Capital",2021047761
"178",2009-07-03,"COST22-2","Capital",2021047761
"179",2010-06-04,"COST22-2","Capital",2021047761
"180",2010-07-06,"COST22-2","Capital",2021047761
"181",2011-06-22,"COST22-2","Capital",2021047761
"182",2011-07-27,"COST22-2","Capital",2021047761
"183",2012-06-22,"COST22-2","Capital",2021047761
"184",2012-07-25,"COST22-2","Capital",2021047761
"185",2013-06-28,"COST22-2","Capital",2021047761
"186",2013-07-25,"COST22-2","Capital",2021047761
"187",2014-07-22,"COST22-2","Capital",2021047761
"188",2014-08-07,"COST22-2","Capital",2021047761
"189",2015-06-30,"COST22-2","Capital",2021047761
"190",2016-06-21,"COST22-2","Capital",2021047761
"191",2016-07-26,"COST22-2","Capital",2021047761
"192",2017-07-27,"COST22-2","Capital",2021047761
"193",2005-07-05,"COST22-3","Capital",2021047603
"194",2005-07-27,"COST22-3","Capital",2021047603
"195",2006-06-13,"COST22-3","Capital",2021047603
"196",2006-07-17,"COST22-3","Capital",2021047603
"197",2007-06-05,"COST22-3","Capital",2021047603
"198",2007-07-11,"COST22-3","Capital",2021047603
"199",2008-07-01,"COST22-3","Capital",2021047603
"200",2009-06-01,"COST22-3","Capital",2021047603
"201",2009-07-03,"COST22-3","Capital",2021047603
"202",2010-06-04,"COST22-3","Capital",2021047603
"203",2010-07-06,"COST22-3","Capital",2021047603
"204",2011-06-22,"COST22-3","Capital",2021047603
"205",2011-07-27,"COST22-3","Capital",2021047603
"206",2012-06-22,"COST22-3","Capital",2021047603
"207",2012-07-25,"COST22-3","Capital",2021047603
"208",2013-06-28,"COST22-3","Capital",2021047603
"209",2013-07-25,"COST22-3","Capital",2021047603
"210",2014-07-22,"COST22-3","Capital",2021047603
"211",2014-08-07,"COST22-3","Capital",2021047603
"212",2015-06-30,"COST22-3","Capital",2021047603
"213",2016-06-21,"COST22-3","Capital",2021047603
"214",2016-07-25,"COST22-3","Capital",2021047603
"215",2017-07-27,"COST22-3","Capital",2021047603
"216",2005-07-05,"COST22-4","Capital",2021047603
"217",2005-07-27,"COST22-4","Capital",2021047603
"218",2006-06-13,"COST22-4","Capital",2021047603
"219",2006-07-17,"COST22-4","Capital",2021047603
"220",2007-06-05,"COST22-4","Capital",2021047603
"221",2007-07-11,"COST22-4","Capital",2021047603
"222",2008-06-02,"COST22-4","Capital",2021047603
"223",2008-07-01,"COST22-4","Capital",2021047603
"224",2009-06-01,"COST22-4","Capital",2021047603
"225",2009-07-03,"COST22-4","Capital",2021047603
"226",2010-06-04,"COST22-4","Capital",2021047603
"227",2010-07-06,"COST22-4","Capital",2021047603
"228",2011-06-22,"COST22-4","Capital",2021047603
"229",2011-07-27,"COST22-4","Capital",2021047603
"230",2012-06-22,"COST22-4","Capital",2021047603
"231",2012-07-25,"COST22-4","Capital",2021047603
"232",2013-06-28,"COST22-4","Capital",2021047603
"233",2013-07-25,"COST22-4","Capital",2021047603
"234",2014-07-22,"COST22-4","Capital",2021047603
"235",2014-08-07,"COST22-4","Capital",2021047603
"236",2015-06-30,"COST22-4","Capital",2021047603
"237",2016-06-21,"COST22-4","Capital",2021047603
"238",2016-07-25,"COST22-4","Capital",2021047603
"239",2017-07-27,"COST22-4","Capital",2021047603
"240",2006-05-03,"COST26 Tx1","Capital",2021049849
"241",2006-05-04,"COST26 Tx1","Capital",2021049849
"242",2006-05-31,"COST26 Tx1","Capital",2021049849
"243",2006-06-01,"COST26 Tx1","Capital",2021049849
"244",2006-06-19,"COST26 Tx1","Capital",2021049849
"245",2006-06-20,"COST26 Tx1","Capital",2021049849
"246",2006-07-12,"COST26 Tx1","Capital",2021049849
"247",2006-07-13,"COST26 Tx1","Capital",2021049849
"248",2006-05-04,"COST27 Tx2","Capital",2021049849
"249",2006-05-05,"COST27 Tx2","Capital",2021049849
"250",2006-05-31,"COST27 Tx2","Capital",2021049849
"251",2006-06-01,"COST27 Tx2","Capital",2021049849
"252",2006-06-19,"COST27 Tx2","Capital",2021049849
"253",2006-06-20,"COST27 Tx2","Capital",2021049849
"254",2006-07-12,"COST27 Tx2","Capital",2021049849
"255",2006-07-13,"COST27 Tx2","Capital",2021049849
"256",2006-05-04,"COST27 Tx3","Capital",2021049849
"257",2006-05-05,"COST27 Tx3","Capital",2021049849
"258",2006-05-31,"COST27 Tx3","Capital",2021049849
"259",2006-06-01,"COST27 Tx3","Capital",2021049849
"260",2006-06-19,"COST27 Tx3","Capital",2021049849
"261",2006-06-20,"COST27 Tx3","Capital",2021049849
"262",2006-07-12,"COST27 Tx3","Capital",2021049849
"263",2006-07-13,"COST27 Tx3","Capital",2021049849
"264",2005-06-28,"COST27-1","Capital",2021049849
"265",2005-07-25,"COST27-1","Capital",2021049849
"266",2007-06-01,"COST27-1","Capital",2021049849
"267",2007-07-10,"COST27-1","Capital",2021049849
"268",2008-05-29,"COST27-1","Capital",2021049849
"269",2008-06-30,"COST27-1","Capital",2021049849
"270",2009-06-01,"COST27-1","Capital",2021049849
"271",2009-07-03,"COST27-1","Capital",2021049849
"272",2010-06-03,"COST27-1","Capital",2021049849
"273",2010-07-06,"COST27-1","Capital",2021049849
"274",2011-06-22,"COST27-1","Capital",2021049849
"275",2011-07-25,"COST27-1","Capital",2021049849
"276",2012-06-20,"COST27-1","Capital",2021049849
"277",2012-07-25,"COST27-1","Capital",2021049849
"278",2013-06-28,"COST27-1","Capital",2021049849
"279",2013-07-25,"COST27-1","Capital",2021049849
"280",2014-07-22,"COST27-1","Capital",2021049849
"281",2014-08-06,"COST27-1","Capital",2021049849
"282",2015-06-30,"COST27-1","Capital",2021049849
"283",2016-06-20,"COST27-1","Capital",2021049849
"284",2016-07-22,"COST27-1","Capital",2021049849
"285",2017-07-27,"COST27-1","Capital",2021049849
"286",2005-06-28,"COST27-2","Capital",2021047761
"287",2005-07-25,"COST27-2","Capital",2021047761
"288",2007-06-01,"COST27-2","Capital",2021047761
"289",2007-07-10,"COST27-2","Capital",2021047761
"290",2008-05-29,"COST27-2","Capital",2021047761
"291",2008-06-30,"COST27-2","Capital",2021047761
"292",2009-06-01,"COST27-2","Capital",2021047761
"293",2009-07-03,"COST27-2","Capital",2021047761
"294",2010-06-03,"COST27-2","Capital",2021047761
"295",2010-07-06,"COST27-2","Capital",2021047761
"296",2011-06-22,"COST27-2","Capital",2021047761
"297",2011-07-25,"COST27-2","Capital",2021047761
"298",2012-06-20,"COST27-2","Capital",2021047761
"299",2012-07-25,"COST27-2","Capital",2021047761
"300",2013-06-28,"COST27-2","Capital",2021047761
"301",2013-07-25,"COST27-2","Capital",2021047761
"302",2014-07-22,"COST27-2","Capital",2021047761
"303",2014-08-06,"COST27-2","Capital",2021047761
"304",2015-06-30,"COST27-2","Capital",2021047761
"305",2016-06-20,"COST27-2","Capital",2021047761
"306",2016-07-22,"COST27-2","Capital",2021047761
"307",2017-07-27,"COST27-2","Capital",2021047761
"308",2005-06-28,"COST27-3","Capital",2021047761
"309",2009-06-01,"COST27-3","Capital",2021047761
"310",2009-07-03,"COST27-3","Capital",2021047761
"311",2010-06-03,"COST27-3","Capital",2021047761
"312",2005-06-28,"COST27/28-3","Capital",2021047761
"313",2005-07-25,"COST27/28-3","Capital",2021047761
"314",2007-06-05,"COST27/28-3","Capital",2021047761
"315",2007-07-10,"COST27/28-3","Capital",2021047761
"316",2008-05-29,"COST27/28-3","Capital",2021047761
"317",2008-07-01,"COST27/28-3","Capital",2021047761
"318",2009-06-01,"COST27/28-3","Capital",2021047761
"319",2009-07-03,"COST27/28-3","Capital",2021047761
"320",2010-06-03,"COST27/28-3","Capital",2021047761
"321",2011-06-22,"COST27/28-3","Capital",2021047761
"322",2011-07-25,"COST27/28-3","Capital",2021047761
"323",2012-06-20,"COST27/28-3","Capital",2021047761
"324",2012-07-26,"COST27/28-3","Capital",2021047761
"325",2013-06-28,"COST27/28-3","Capital",2021047761
"326",2013-07-25,"COST27/28-3","Capital",2021047761
"327",2014-07-22,"COST27/28-3","Capital",2021047761
"328",2014-08-07,"COST27/28-3","Capital",2021047761
"329",2015-06-30,"COST27/28-3","Capital",2021047761
"330",2016-06-20,"COST27/28-3","Capital",2021047761
"331",2016-07-25,"COST27/28-3","Capital",2021047761
"332",2017-07-27,"COST27/28-3","Capital",2021047761
"333",2005-06-28,"COST27/28-4","Capital",2021047761
"334",2005-07-25,"COST27/28-4","Capital",2021047761
"335",2007-06-05,"COST27/28-4","Capital",2021047761
"336",2007-07-10,"COST27/28-4","Capital",2021047761
"337",2008-05-29,"COST27/28-4","Capital",2021047761
"338",2008-07-01,"COST27/28-4","Capital",2021047761
"339",2009-06-01,"COST27/28-4","Capital",2021047761
"340",2009-07-03,"COST27/28-4","Capital",2021047761
"341",2010-06-03,"COST27/28-4","Capital",2021047761
"342",2011-06-22,"COST27/28-4","Capital",2021047761
"343",2011-07-25,"COST27/28-4","Capital",2021047761
"344",2012-06-20,"COST27/28-4","Capital",2021047761
"345",2012-07-26,"COST27/28-4","Capital",2021047761
"346",2013-06-28,"COST27/28-4","Capital",2021047761
"347",2013-07-25,"COST27/28-4","Capital",2021047761
"348",2014-07-22,"COST27/28-4","Capital",2021047761
"349",2014-08-07,"COST27/28-4","Capital",2021047761
"350",2015-06-30,"COST27/28-4","Capital",2021047761
"351",2016-06-20,"COST27/28-4","Capital",2021047761
"352",2016-07-25,"COST27/28-4","Capital",2021047761
"353",2017-07-27,"COST27/28-4","Capital",2021047761
"354",2005-06-28,"COST27/28-5","Capital",2021047761
"355",2005-07-25,"COST27/28-5","Capital",2021047761
"356",2005-06-28,"COST27/28-6","Capital",2021047761
"357",2005-07-25,"COST27/28-6","Capital",2021047761
"358",2006-05-04,"COST28 Tx4","Capital",2021049850
"359",2006-05-05,"COST28 Tx4","Capital",2021049850
"360",2006-05-31,"COST28 Tx4","Capital",2021049850
"361",2006-06-01,"COST28 Tx4","Capital",2021049850
"362",2006-06-19,"COST28 Tx4","Capital",2021049850
"363",2006-06-20,"COST28 Tx4","Capital",2021049850
"364",2006-07-12,"COST28 Tx4","Capital",2021049850
"365",2006-07-13,"COST28 Tx4","Capital",2021049850
"366",2005-06-28,"COST28-1","Capital",2021049850
"367",2005-07-25,"COST28-1","Capital",2021049850
"368",2007-06-01,"COST28-1","Capital",2021049850
"369",2007-07-11,"COST28-1","Capital",2021049850
"370",2008-05-29,"COST28-1","Capital",2021049850
"371",2008-07-01,"COST28-1","Capital",2021049850
"372",2009-06-01,"COST28-1","Capital",2021049850
"373",2009-07-03,"COST28-1","Capital",2021049850
"374",2010-06-03,"COST28-1","Capital",2021049850
"375",2010-07-06,"COST28-1","Capital",2021049850
"376",2011-06-22,"COST28-1","Capital",2021049850
"377",2011-07-25,"COST28-1","Capital",2021049850
"378",2012-06-20,"COST28-1","Capital",2021049850
"379",2012-07-26,"COST28-1","Capital",2021049850
"380",2013-06-28,"COST28-1","Capital",2021049850
"381",2013-07-25,"COST28-1","Capital",2021049850
"382",2014-06-18,"COST28-1","Capital",2021049850
"383",2014-08-06,"COST28-1","Capital",2021049850
"384",2015-06-30,"COST28-1","Capital",2021049850
"385",2016-06-20,"COST28-1","Capital",2021049850
"386",2016-07-21,"COST28-1","Capital",2021049850
"387",2017-07-27,"COST28-1","Capital",2021049850
"388",2005-06-28,"COST28-2","Capital",2021051806
"389",2005-07-25,"COST28-2","Capital",2021051806
"390",2007-06-01,"COST28-2","Capital",2021051806
"391",2007-07-11,"COST28-2","Capital",2021051806
"392",2008-05-29,"COST28-2","Capital",2021051806
"393",2008-07-01,"COST28-2","Capital",2021051806
"394",2009-06-01,"COST28-2","Capital",2021051806
"395",2009-07-03,"COST28-2","Capital",2021051806
"396",2010-06-03,"COST28-2","Capital",2021051806
"397",2010-07-06,"COST28-2","Capital",2021051806
"398",2011-06-22,"COST28-2","Capital",2021051806
"399",2011-07-25,"COST28-2","Capital",2021051806
"400",2012-06-20,"COST28-2","Capital",2021051806
"401",2012-07-26,"COST28-2","Capital",2021051806
"402",2013-06-28,"COST28-2","Capital",2021051806
"403",2013-07-25,"COST28-2","Capital",2021051806
"404",2014-06-18,"COST28-2","Capital",2021051806
"405",2014-08-06,"COST28-2","Capital",2021051806
"406",2015-06-30,"COST28-2","Capital",2021051806
"407",2016-06-20,"COST28-2","Capital",2021051806
"408",2016-07-21,"COST28-2","Capital",2021051806
"409",2017-07-27,"COST28-2","Capital",2021051806
"410",2005-06-30,"COST31-1","Capital",2021049849
"411",2005-07-26,"COST31-1","Capital",2021049849
"412",2006-06-13,"COST31-1","Capital",2021049849
"413",2006-07-14,"COST31-1","Capital",2021049849
"414",2007-06-01,"COST31-1","Capital",2021049849
"415",2007-07-10,"COST31-1","Capital",2021049849
"416",2008-05-30,"COST31-1","Capital",2021049849
"417",2008-06-30,"COST31-1","Capital",2021049849
"418",2009-06-03,"COST31-1","Capital",2021049849
"419",2009-07-03,"COST31-1","Capital",2021049849
"420",2010-06-03,"COST31-1","Capital",2021049849
"421",2010-07-01,"COST31-1","Capital",2021049849
"422",2011-06-22,"COST31-1","Capital",2021049849
"423",2011-07-25,"COST31-1","Capital",2021049849
"424",2012-06-20,"COST31-1","Capital",2021049849
"425",2012-07-26,"COST31-1","Capital",2021049849
"426",2013-06-27,"COST31-1","Capital",2021049849
"427",2013-08-02,"COST31-1","Capital",2021049849
"428",2014-06-18,"COST31-1","Capital",2021049849
"429",2014-08-01,"COST31-1","Capital",2021049849
"430",2015-06-29,"COST31-1","Capital",2021049849
"431",2016-06-20,"COST31-1","Capital",2021049849
"432",2016-07-22,"COST31-1","Capital",2021049849
"433",2017-07-26,"COST31-1","Capital",2021049849
"434",2005-06-30,"COST31-2","Capital",2021047824
"435",2005-07-26,"COST31-2","Capital",2021047824
"436",2006-06-13,"COST31-2","Capital",2021047824
"437",2006-07-14,"COST31-2","Capital",2021047824
"438",2007-06-01,"COST31-2","Capital",2021047824
"439",2007-07-10,"COST31-2","Capital",2021047824
"440",2008-05-30,"COST31-2","Capital",2021047824
"441",2008-06-30,"COST31-2","Capital",2021047824
"442",2009-06-03,"COST31-2","Capital",2021047824
"443",2009-07-03,"COST31-2","Capital",2021047824
"444",2010-06-03,"COST31-2","Capital",2021047824
"445",2010-07-07,"COST31-2","Capital",2021047824
"446",2011-06-22,"COST31-2","Capital",2021047824
"447",2011-07-25,"COST31-2","Capital",2021047824
"448",2012-06-20,"COST31-2","Capital",2021047824
"449",2012-07-26,"COST31-2","Capital",2021047824
"450",2013-06-27,"COST31-2","Capital",2021047824
"451",2013-08-02,"COST31-2","Capital",2021047824
"452",2014-06-18,"COST31-2","Capital",2021047824
"453",2014-08-01,"COST31-2","Capital",2021047824
"454",2015-06-29,"COST31-2","Capital",2021047824
"455",2016-06-20,"COST31-2","Capital",2021047824
"456",2016-07-22,"COST31-2","Capital",2021047824
"457",2017-07-26,"COST31-2","Capital",2021047824
"458",2006-06-13,"COST31-3","Capital",2021047824
"459",2006-07-14,"COST31-3","Capital",2021047824
"460",2007-07-10,"COST31-3","Capital",2021047824
"461",2008-06-30,"COST31-3","Capital",2021047824
"462",2009-06-03,"COST31-3","Capital",2021047824
"463",2009-07-03,"COST31-3","Capital",2021047824
"464",2010-06-03,"COST31-3","Capital",2021047824
"465",2010-07-07,"COST31-3","Capital",2021047824
"466",2011-06-22,"COST31-3","Capital",2021047824
"467",2011-07-25,"COST31-3","Capital",2021047824
"468",2012-06-20,"COST31-3","Capital",2021047824
"469",2012-07-26,"COST31-3","Capital",2021047824
"470",2013-06-27,"COST31-3","Capital",2021047824
"471",2013-08-02,"COST31-3","Capital",2021047824
"472",2014-06-18,"COST31-3","Capital",2021047824
"473",2014-08-01,"COST31-3","Capital",2021047824
"474",2015-06-29,"COST31-3","Capital",2021047824
"475",2016-06-20,"COST31-3","Capital",2021047824
"476",2016-07-22,"COST31-3","Capital",2021047824
"477",2017-07-26,"COST31-3","Capital",2021047824
"478",2006-06-13,"COST31-4","Capital",2021047824
"479",2006-07-14,"COST31-4","Capital",2021047824
"480",2007-07-10,"COST31-4","Capital",2021047824
"481",2008-06-30,"COST31-4","Capital",2021047824
"482",2009-06-03,"COST31-4","Capital",2021047824
"483",2009-07-03,"COST31-4","Capital",2021047824
"484",2010-06-03,"COST31-4","Capital",2021047824
"485",2010-07-07,"COST31-4","Capital",2021047824
"486",2011-06-22,"COST31-4","Capital",2021047824
"487",2011-07-25,"COST31-4","Capital",2021047824
"488",2012-06-20,"COST31-4","Capital",2021047824
"489",2012-07-26,"COST31-4","Capital",2021047824
"490",2013-06-27,"COST31-4","Capital",2021047824
"491",2013-08-02,"COST31-4","Capital",2021047824
"492",2014-06-18,"COST31-4","Capital",2021047824
"493",2014-08-01,"COST31-4","Capital",2021047824
"494",2015-06-29,"COST31-4","Capital",2021047824
"495",2016-06-20,"COST31-4","Capital",2021047824
"496",2016-07-22,"COST31-4","Capital",2021047824
"497",2017-07-26,"COST31-4","Capital",2021047824
"498",2005-06-30,"COST39-1","Capital",2021049849
"499",2005-07-26,"COST39-1","Capital",2021049849
"500",2006-06-13,"COST39-1","Capital",2021049849
"501",2006-07-14,"COST39-1","Capital",2021049849
"502",2007-06-01,"COST39-1","Capital",2021049849
"503",2007-07-10,"COST39-1","Capital",2021049849
"504",2008-05-30,"COST39-1","Capital",2021049849
"505",2008-06-30,"COST39-1","Capital",2021049849
"506",2009-06-03,"COST39-1","Capital",2021049849
"507",2009-07-03,"COST39-1","Capital",2021049849
"508",2010-06-03,"COST39-1","Capital",2021049849
"509",2010-07-07,"COST39-1","Capital",2021049849
"510",2011-06-22,"COST39-1","Capital",2021049849
"511",2011-07-25,"COST39-1","Capital",2021049849
"512",2012-06-20,"COST39-1","Capital",2021049849
"513",2012-07-26,"COST39-1","Capital",2021049849
"514",2013-07-05,"COST39-1","Capital",2021049849
"515",2013-08-02,"COST39-1","Capital",2021049849
"516",2014-06-18,"COST39-1","Capital",2021049849
"517",2014-08-05,"COST39-1","Capital",2021049849
"518",2015-06-29,"COST39-1","Capital",2021049849
"519",2016-06-20,"COST39-1","Capital",2021049849
"520",2016-07-22,"COST39-1","Capital",2021049849
"521",2017-07-26,"COST39-1","Capital",2021049849
"522",2005-06-30,"COST39-2","Capital",2021047824
"523",2005-07-26,"COST39-2","Capital",2021047824
"524",2006-06-13,"COST39-2","Capital",2021047824
"525",2006-07-14,"COST39-2","Capital",2021047824
"526",2007-06-01,"COST39-2","Capital",2021047824
"527",2007-07-10,"COST39-2","Capital",2021047824
"528",2008-05-30,"COST39-2","Capital",2021047824
"529",2008-06-30,"COST39-2","Capital",2021047824
"530",2009-06-03,"COST39-2","Capital",2021047824
"531",2009-07-03,"COST39-2","Capital",2021047824
"532",2010-06-03,"COST39-2","Capital",2021047824
"533",2010-07-06,"COST39-2","Capital",2021047824
"534",2011-06-22,"COST39-2","Capital",2021047824
"535",2011-07-25,"COST39-2","Capital",2021047824
"536",2012-06-20,"COST39-2","Capital",2021047824
"537",2012-07-26,"COST39-2","Capital",2021047824
"538",2013-07-05,"COST39-2","Capital",2021047824
"539",2013-08-02,"COST39-2","Capital",2021047824
"540",2014-06-18,"COST39-2","Capital",2021047824
"541",2014-08-05,"COST39-2","Capital",2021047824
"542",2015-06-29,"COST39-2","Capital",2021047824
"543",2016-06-20,"COST39-2","Capital",2021047824
"544",2016-07-22,"COST39-2","Capital",2021047824
"545",2017-07-26,"COST39-2","Capital",2021047824
"546",2005-06-30,"COST39-3","Capital",2021047824
"547",2005-07-26,"COST39-3","Capital",2021047824
"548",2006-06-13,"COST39-3","Capital",2021047824
"549",2006-07-14,"COST39-3","Capital",2021047824
"550",2007-06-01,"COST39-3","Capital",2021047824
"551",2007-07-10,"COST39-3","Capital",2021047824
"552",2008-05-30,"COST39-3","Capital",2021047824
"553",2008-06-30,"COST39-3","Capital",2021047824
"554",2009-06-03,"COST39-3","Capital",2021047824
"555",2009-07-03,"COST39-3","Capital",2021047824
"556",2010-06-03,"COST39-3","Capital",2021047824
"557",2010-07-07,"COST39-3","Capital",2021047824
"558",2011-06-22,"COST39-3","Capital",2021047824
"559",2011-07-25,"COST39-3","Capital",2021047824
"560",2012-06-20,"COST39-3","Capital",2021047824
"561",2012-07-26,"COST39-3","Capital",2021047824
"562",2013-07-05,"COST39-3","Capital",2021047824
"563",2013-08-02,"COST39-3","Capital",2021047824
"564",2014-06-18,"COST39-3","Capital",2021047824
"565",2014-08-05,"COST39-3","Capital",2021047824
"566",2015-06-29,"COST39-3","Capital",2021047824
"567",2016-06-20,"COST39-3","Capital",2021047824
"568",2016-07-22,"COST39-3","Capital",2021047824
"569",2017-07-26,"COST39-3","Capital",2021047824
"570",2005-06-30,"COST39-4","Capital",2021047824
"571",2005-07-26,"COST39-4","Capital",2021047824
"572",2006-06-13,"COST39-4","Capital",2021047824
"573",2006-07-14,"COST39-4","Capital",2021047824
"574",2007-06-01,"COST39-4","Capital",2021047824
"575",2007-07-10,"COST39-4","Capital",2021047824
"576",2008-05-30,"COST39-4","Capital",2021047824
"577",2008-06-30,"COST39-4","Capital",2021047824
"578",2009-06-03,"COST39-4","Capital",2021047824
"579",2009-07-03,"COST39-4","Capital",2021047824
"580",2010-06-03,"COST39-4","Capital",2021047824
"581",2010-07-07,"COST39-4","Capital",2021047824
"582",2011-06-22,"COST39-4","Capital",2021047824
"583",2011-07-25,"COST39-4","Capital",2021047824
"584",2012-06-20,"COST39-4","Capital",2021047824
"585",2012-07-26,"COST39-4","Capital",2021047824
"586",2013-07-05,"COST39-4","Capital",2021047824
"587",2013-08-02,"COST39-4","Capital",2021047824
"588",2014-06-18,"COST39-4","Capital",2021047824
"589",2014-08-05,"COST39-4","Capital",2021047824
"590",2015-06-29,"COST39-4","Capital",2021047824
"591",2016-06-20,"COST39-4","Capital",2021047824
"592",2016-07-22,"COST39-4","Capital",2021047824
"593",2017-07-26,"COST39-4","Capital",2021047824
"594",2005-07-06,"COST8-1","Capital",2021049066
"595",2005-07-29,"COST8-1","Capital",2021049066
"596",2006-06-13,"COST8-1","Capital",2021049066
"597",2006-07-14,"COST8-1","Capital",2021049066
"598",2007-06-05,"COST8-1","Capital",2021049066
"599",2007-07-11,"COST8-1","Capital",2021049066
"600",2008-06-02,"COST8-1","Capital",2021049066
"601",2008-07-02,"COST8-1","Capital",2021049066
"602",2009-06-03,"COST8-1","Capital",2021049066
"603",2009-07-03,"COST8-1","Capital",2021049066
"604",2010-06-03,"COST8-1","Capital",2021049066
"605",2010-07-06,"COST8-1","Capital",2021049066
"606",2011-06-22,"COST8-1","Capital",2021049066
"607",2011-07-25,"COST8-1","Capital",2021049066
"608",2012-06-22,"COST8-1","Capital",2021049066
"609",2012-07-25,"COST8-1","Capital",2021049066
"610",2013-07-26,"COST8-1","Capital",2021049066
"611",2013-08-09,"COST8-1","Capital",2021049066
"612",2014-07-21,"COST8-1","Capital",2021049066
"613",2014-08-06,"COST8-1","Capital",2021049066
"614",2015-07-10,"COST8-1","Capital",2021049066
"615",2016-06-21,"COST8-1","Capital",2021049066
"616",2016-07-25,"COST8-1","Capital",2021049066
"617",2017-07-28,"COST8-1","Capital",2021049066
"618",2017-08-02,"COST8-1","Capital",2021049066
"619",2005-07-06,"COST8-2","Capital",2021047689
"620",2005-07-29,"COST8-2","Capital",2021047689
"621",2006-06-13,"COST8-2","Capital",2021047689
"622",2006-07-14,"COST8-2","Capital",2021047689
"623",2007-06-05,"COST8-2","Capital",2021047689
"624",2007-07-11,"COST8-2","Capital",2021047689
"625",2008-06-02,"COST8-2","Capital",2021047689
"626",2008-07-02,"COST8-2","Capital",2021047689
"627",2009-06-03,"COST8-2","Capital",2021047689
"628",2009-07-03,"COST8-2","Capital",2021047689
"629",2010-06-03,"COST8-2","Capital",2021047689
"630",2010-07-06,"COST8-2","Capital",2021047689
"631",2011-06-22,"COST8-2","Capital",2021047689
"632",2011-07-25,"COST8-2","Capital",2021047689
"633",2012-06-22,"COST8-2","Capital",2021047689
"634",2012-07-25,"COST8-2","Capital",2021047689
"635",2013-07-26,"COST8-2","Capital",2021047689
"636",2013-08-09,"COST8-2","Capital",2021047689
"637",2014-07-21,"COST8-2","Capital",2021047689
"638",2014-08-06,"COST8-2","Capital",2021047689
"639",2015-07-10,"COST8-2","Capital",2021047689
"640",2016-06-21,"COST8-2","Capital",2021047689
"641",2016-07-25,"COST8-2","Capital",2021047689
"642",2017-07-28,"COST8-2","Capital",2021047689
"643",2017-08-02,"COST8-2","Capital",2021047689
"644",2005-07-06,"COST8-3","Capital",2021070538
"645",2005-07-29,"COST8-3","Capital",2021070538
"646",2006-06-13,"COST8-3","Capital",2021070538
"647",2006-07-14,"COST8-3","Capital",2021070538
"648",2007-06-05,"COST8-3","Capital",2021070538
"649",2007-07-11,"COST8-3","Capital",2021070538
"650",2008-06-02,"COST8-3","Capital",2021070538
"651",2008-07-02,"COST8-3","Capital",2021070538
"652",2009-06-03,"COST8-3","Capital",2021070538
"653",2009-07-03,"COST8-3","Capital",2021070538
"654",2010-06-03,"COST8-3","Capital",2021070538
"655",2010-07-06,"COST8-3","Capital",2021070538
"656",2011-06-22,"COST8-3","Capital",2021070538
"657",2011-07-25,"COST8-3","Capital",2021070538
"658",2012-06-22,"COST8-3","Capital",2021070538
"659",2012-07-25,"COST8-3","Capital",2021070538
"660",2013-07-26,"COST8-3","Capital",2021070538
"661",2013-08-09,"COST8-3","Capital",2021070538
"662",2014-07-21,"COST8-3","Capital",2021070538
"663",2014-08-06,"COST8-3","Capital",2021070538
"664",2015-07-10,"COST8-3","Capital",2021070538
"665",2016-06-21,"COST8-3","Capital",2021070538
"666",2016-07-25,"COST8-3","Capital",2021070538
"667",2017-07-28,"COST8-3","Capital",2021070538
"668",2017-08-02,"COST8-3","Capital",2021070538
"669",2005-07-06,"COST8-4","Capital",2021047689
"670",2005-07-29,"COST8-4","Capital",2021047689
"671",2006-06-13,"COST8-4","Capital",2021047689
"672",2006-07-14,"COST8-4","Capital",2021047689
"673",2007-06-05,"COST8-4","Capital",2021047689
"674",2007-07-11,"COST8-4","Capital",2021047689
"675",2008-06-02,"COST8-4","Capital",2021047689
"676",2008-07-02,"COST8-4","Capital",2021047689
"677",2009-06-03,"COST8-4","Capital",2021047689
"678",2009-07-03,"COST8-4","Capital",2021047689
"679",2010-06-03,"COST8-4","Capital",2021047689
"680",2010-07-06,"COST8-4","Capital",2021047689
"681",2011-06-22,"COST8-4","Capital",2021047689
"682",2011-07-25,"COST8-4","Capital",2021047689
"683",2012-06-22,"COST8-4","Capital",2021047689
"684",2012-07-25,"COST8-4","Capital",2021047689
"685",2013-07-26,"COST8-4","Capital",2021047689
"686",2013-08-09,"COST8-4","Capital",2021047689
"687",2014-07-21,"COST8-4","Capital",2021047689
"688",2014-08-06,"COST8-4","Capital",2021047689
"689",2015-07-10,"COST8-4","Capital",2021047689
"690",2016-06-21,"COST8-4","Capital",2021047689
"691",2016-07-25,"COST8-4","Capital",2021047689
"692",2017-07-28,"COST8-4","Capital",2021047689
"693",2017-08-02,"COST8-4","Capital",2021047689
"694",2006-06-22,"PRW101-1R","Capital",2021059967
"695",2006-07-19,"PRW101-1R","Capital",2021059967
"696",2008-06-11,"PRW101-1R","Capital",2021059967
"697",2008-07-16,"PRW101-1R","Capital",2021059967
"698",2009-06-23,"PRW101-1R","Capital",2021059967
"699",2009-07-21,"PRW101-1R","Capital",2021059967
"700",2012-06-19,"PRW101-1R","Capital",2021059967
"701",2013-06-26,"PRW101-1R","Capital",2021059967
"702",2014-07-30,"PRW101-1R","Capital",2021059967
"703",2006-06-22,"PRW101-2L","Capital",2021059967
"704",2006-07-19,"PRW101-2L","Capital",2021059967
"705",2008-06-11,"PRW101-2L","Capital",2021059967
"706",2008-07-16,"PRW101-2L","Capital",2021059967
"707",2009-06-23,"PRW101-2L","Capital",2021059967
"708",2009-07-21,"PRW101-2L","Capital",2021059967
"709",2012-06-19,"PRW101-2L","Capital",2021059967
"710",2013-06-26,"PRW101-2L","Capital",2021059967
"711",2014-07-30,"PRW101-2L","Capital",2021059967
"712",2006-06-22,"PRW101-3R","Capital",2021059967
"713",2006-07-19,"PRW101-3R","Capital",2021059967
"714",2008-06-12,"PRW101-3R","Capital",2021059967
"715",2008-07-16,"PRW101-3R","Capital",2021059967
"716",2009-06-23,"PRW101-3R","Capital",2021059967
"717",2009-07-21,"PRW101-3R","Capital",2021059967
"718",2012-06-19,"PRW101-3R","Capital",2021059967
"719",2013-06-26,"PRW101-3R","Capital",2021059967
"720",2014-07-30,"PRW101-3R","Capital",2021059967
"721",2006-06-22,"PRW101-4L","Capital",2021059967
"722",2006-07-19,"PRW101-4L","Capital",2021059967
"723",2008-06-12,"PRW101-4L","Capital",2021059967
"724",2008-07-16,"PRW101-4L","Capital",2021059967
"725",2009-06-23,"PRW101-4L","Capital",2021059967
"726",2009-07-21,"PRW101-4L","Capital",2021059967
"727",2012-06-19,"PRW101-4L","Capital",2021059967
"728",2013-06-26,"PRW101-4L","Capital",2021059967
"729",2014-07-30,"PRW101-4L","Capital",2021059967
"730",2006-06-22,"PRW114-1R","Capital",2021059671
"731",2006-07-18,"PRW114-1R","Capital",2021059671
"732",2008-06-12,"PRW114-1R","Capital",2021059671
"733",2008-07-16,"PRW114-1R","Capital",2021059671
"734",2009-06-23,"PRW114-1R","Capital",2021059671
"735",2009-07-21,"PRW114-1R","Capital",2021059671
"736",2012-06-19,"PRW114-1R","Capital",2021059671
"737",2013-06-26,"PRW114-1R","Capital",2021059671
"738",2014-07-30,"PRW114-1R","Capital",2021059671
"739",2006-06-22,"PRW114-2L","Capital",2021059671
"740",2006-07-18,"PRW114-2L","Capital",2021059671
"741",2008-06-12,"PRW114-2L","Capital",2021059671
"742",2008-07-16,"PRW114-2L","Capital",2021059671
"743",2009-06-23,"PRW114-2L","Capital",2021059671
"744",2009-07-21,"PRW114-2L","Capital",2021059671
"745",2012-06-19,"PRW114-2L","Capital",2021059671
"746",2013-06-26,"PRW114-2L","Capital",2021059671
"747",2014-07-30,"PRW114-2L","Capital",2021059671
"748",2006-06-22,"PRW114-3R","Capital",2021059671
"749",2006-07-18,"PRW114-3R","Capital",2021059671
"750",2008-06-12,"PRW114-3R","Capital",2021059671
"751",2008-07-16,"PRW114-3R","Capital",2021059671
"752",2009-06-23,"PRW114-3R","Capital",2021059671
"753",2009-07-21,"PRW114-3R","Capital",2021059671
"754",2012-06-19,"PRW114-3R","Capital",2021059671
"755",2013-06-26,"PRW114-3R","Capital",2021059671
"756",2014-07-30,"PRW114-3R","Capital",2021059671
"757",2006-06-22,"PRW114-4L","Capital",2021059671
"758",2006-07-18,"PRW114-4L","Capital",2021059671
"759",2008-06-12,"PRW114-4L","Capital",2021059671
"760",2008-07-16,"PRW114-4L","Capital",2021059671
"761",2009-06-23,"PRW114-4L","Capital",2021059671
"762",2009-07-21,"PRW114-4L","Capital",2021059671
"763",2012-06-19,"PRW114-4L","Capital",2021059671
"764",2013-06-26,"PRW114-4L","Capital",2021059671
"765",2014-07-30,"PRW114-4L","Capital",2021059671
"766",2006-06-22,"PRW127-1R","Capital",2021059967
"767",2006-07-18,"PRW127-1R","Capital",2021059967
"768",2009-06-23,"PRW127-1R","Capital",2021059967
"769",2009-07-21,"PRW127-1R","Capital",2021059967
"770",2012-06-19,"PRW127-1R","Capital",2021059967
"771",2013-06-25,"PRW127-1R","Capital",2021059967
"772",2014-07-30,"PRW127-1R","Capital",2021059967
"773",2016-07-27,"PRW127-1R","Capital",2021059967
"774",2006-06-22,"PRW127-2L","Capital",2021059967
"775",2006-07-18,"PRW127-2L","Capital",2021059967
"776",2009-06-23,"PRW127-2L","Capital",2021059967
"777",2009-07-21,"PRW127-2L","Capital",2021059967
"778",2012-06-19,"PRW127-2L","Capital",2021059967
"779",2013-06-25,"PRW127-2L","Capital",2021059967
"780",2014-07-30,"PRW127-2L","Capital",2021059967
"781",2016-07-27,"PRW127-2L","Capital",2021059967
"782",2006-06-22,"PRW127-3L","Capital",2021059967
"783",2006-07-18,"PRW127-3L","Capital",2021059967
"784",2009-06-23,"PRW127-3L","Capital",2021059967
"785",2009-07-21,"PRW127-3L","Capital",2021059967
"786",2012-06-19,"PRW127-3L","Capital",2021059967
"787",2013-06-25,"PRW127-3L","Capital",2021059967
"788",2014-07-30,"PRW127-3L","Capital",2021059967
"789",2016-07-27,"PRW127-3L","Capital",2021059967
"790",2006-06-22,"PRW127-4R","Capital",2021059967
"791",2006-07-18,"PRW127-4R","Capital",2021059967
"792",2009-06-23,"PRW127-4R","Capital",2021059967
"793",2009-07-21,"PRW127-4R","Capital",2021059967
"794",2012-06-19,"PRW127-4R","Capital",2021059967
"795",2013-06-25,"PRW127-4R","Capital",2021059967
"796",2014-07-30,"PRW127-4R","Capital",2021059967
"797",2016-07-27,"PRW127-4R","Capital",2021059967
"798",2006-06-21,"PRW146-1L","Capital",2021058819
"799",2006-07-10,"PRW146-1L","Capital",2021058819
"800",2008-06-11,"PRW146-1L","Capital",2021058819
"801",2008-07-15,"PRW146-1L","Capital",2021058819
"802",2009-06-23,"PRW146-1L","Capital",2021058819
"803",2009-07-20,"PRW146-1L","Capital",2021058819
"804",2013-07-23,"PRW146-1L","Capital",2021058819
"805",2014-07-01,"PRW146-1L","Capital",2021058819
"806",2006-06-21,"PRW146-2R","Capital",2021058819
"807",2006-07-10,"PRW146-2R","Capital",2021058819
"808",2008-06-11,"PRW146-2R","Capital",2021058819
"809",2008-07-15,"PRW146-2R","Capital",2021058819
"810",2009-06-23,"PRW146-2R","Capital",2021058819
"811",2009-07-20,"PRW146-2R","Capital",2021058819
"812",2013-07-23,"PRW146-2R","Capital",2021058819
"813",2014-07-01,"PRW146-2R","Capital",2021058819
"814",2006-07-10,"PRW146-A1","Capital",2021058819
"815",2006-07-10,"PRW146-A2","Capital",2021058819
"816",2006-06-15,"PRW157-1","Capital",2021059130
"817",2006-07-19,"PRW157-1","Capital",2021059130
"818",2008-06-11,"PRW157-1","Capital",2021059130
"819",2008-07-14,"PRW157-1","Capital",2021059130
"820",2009-06-23,"PRW157-1","Capital",2021059130
"821",2009-07-21,"PRW157-1","Capital",2021059130
"822",2012-06-18,"PRW157-1","Capital",2021059130
"823",2013-07-23,"PRW157-1","Capital",2021059130
"824",2014-07-28,"PRW157-1","Capital",2021059130
"825",2016-07-28,"PRW157-1","Capital",2021059130
"826",2006-06-15,"PRW157-2","Capital",2021059130
"827",2006-07-19,"PRW157-2","Capital",2021059130
"828",2008-06-11,"PRW157-2","Capital",2021059130
"829",2008-07-14,"PRW157-2","Capital",2021059130
"830",2009-06-23,"PRW157-2","Capital",2021059130
"831",2009-07-21,"PRW157-2","Capital",2021059130
"832",2012-06-18,"PRW157-2","Capital",2021059130
"833",2013-07-23,"PRW157-2","Capital",2021059130
"834",2014-07-28,"PRW157-2","Capital",2021059130
"835",2016-07-28,"PRW157-2","Capital",2021059130
"836",2006-06-15,"PRW157-3","Capital",2021059130
"837",2008-06-11,"PRW157-3","Capital",2021059130
"838",2008-07-14,"PRW157-3","Capital",2021059130
"839",2009-06-23,"PRW157-3","Capital",2021059130
"840",2009-07-21,"PRW157-3","Capital",2021059130
"841",2012-06-18,"PRW157-3","Capital",2021059130
"842",2013-07-23,"PRW157-3","Capital",2021059130
"843",2014-07-28,"PRW157-3","Capital",2021059130
"844",2016-07-28,"PRW157-3","Capital",2021059130
"845",2006-06-15,"PRW157-4","Capital",2021059130
"846",2008-06-11,"PRW157-4","Capital",2021059130
"847",2008-07-14,"PRW157-4","Capital",2021059130
"848",2009-06-23,"PRW157-4","Capital",2021059130
"849",2009-07-21,"PRW157-4","Capital",2021059130
"850",2012-06-18,"PRW157-4","Capital",2021059130
"851",2013-07-23,"PRW157-4","Capital",2021059130
"852",2014-07-28,"PRW157-4","Capital",2021059130
"853",2016-07-28,"PRW157-4","Capital",2021059130
"854",2006-07-19,"PRW157-A1","Capital",2021059130
"855",2006-07-19,"PRW157-A2","Capital",2021059130
"856",2006-06-21,"PRW172-1R","Capital",2021058819
"857",2006-07-10,"PRW172-1R","Capital",2021058819
"858",2009-06-23,"PRW172-1R","Capital",2021058819
"859",2013-07-23,"PRW172-1R","Capital",2021058819
"860",2014-07-01,"PRW172-1R","Capital",2021058819
"861",2006-06-21,"PRW172-2L","Capital",2021058819
"862",2006-07-10,"PRW172-2L","Capital",2021058819
"863",2009-06-23,"PRW172-2L","Capital",2021058819
"864",2013-07-23,"PRW172-2L","Capital",2021058819
"865",2014-07-01,"PRW172-2L","Capital",2021058819
"866",2006-07-10,"PRW172-A1","Capital",2021058819
"867",2006-07-10,"PRW172-A2","Capital",2021058819
"868",2006-06-21,"PRW226-1R","Capital",2021059761
"869",2006-07-11,"PRW226-1R","Capital",2021059761
"870",2009-06-23,"PRW226-1R","Capital",2021059761
"871",2009-07-21,"PRW226-1R","Capital",2021059761
"872",2012-06-18,"PRW226-1R","Capital",2021059761
"873",2013-07-23,"PRW226-1R","Capital",2021059761
"874",2014-06-30,"PRW226-1R","Capital",2021059761
"875",2016-07-27,"PRW226-1R","Capital",2021059761
"876",2006-06-21,"PRW226-2L","Capital",2021059761
"877",2006-07-11,"PRW226-2L","Capital",2021059761
"878",2009-06-23,"PRW226-2L","Capital",2021059761
"879",2009-07-21,"PRW226-2L","Capital",2021059761
"880",2012-06-18,"PRW226-2L","Capital",2021059761
"881",2013-07-23,"PRW226-2L","Capital",2021059761
"882",2014-06-30,"PRW226-2L","Capital",2021059761
"883",2016-07-27,"PRW226-2L","Capital",2021059761
"884",2006-06-21,"PRW226-3R","Capital",2021059761
"885",2009-06-23,"PRW226-3R","Capital",2021059761
"886",2009-07-21,"PRW226-3R","Capital",2021059761
"887",2012-06-18,"PRW226-3R","Capital",2021059761
"888",2013-06-26,"PRW226-3R","Capital",2021059761
"889",2014-06-30,"PRW226-3R","Capital",2021059761
"890",2016-07-27,"PRW226-3R","Capital",2021059761
"891",2006-06-21,"PRW226-4L","Capital",2021059761
"892",2009-06-23,"PRW226-4L","Capital",2021059761
"893",2009-07-21,"PRW226-4L","Capital",2021059761
"894",2012-06-18,"PRW226-4L","Capital",2021059761
"895",2013-06-26,"PRW226-4L","Capital",2021059761
"896",2014-06-30,"PRW226-4L","Capital",2021059761
"897",2016-07-27,"PRW226-4L","Capital",2021059761
"898",2006-07-11,"PRW226-A1","Capital",2021059761
"899",2006-07-11,"PRW226-A2","Capital",2021059761
"900",2006-06-21,"PRW227-1L","Capital",2021059761
"901",2006-07-11,"PRW227-1L","Capital",2021059761
"902",2009-06-23,"PRW227-1L","Capital",2021059761
"903",2009-07-21,"PRW227-1L","Capital",2021059761
"904",2012-06-18,"PRW227-1L","Capital",2021059761
"905",2013-08-01,"PRW227-1L","Capital",2021059761
"906",2014-06-30,"PRW227-1L","Capital",2021059761
"907",2016-07-28,"PRW227-1L","Capital",2021059761
"908",2006-06-21,"PRW227-2R","Capital",2021059761
"909",2006-07-11,"PRW227-2R","Capital",2021059761
"910",2009-06-23,"PRW227-2R","Capital",2021059761
"911",2009-07-21,"PRW227-2R","Capital",2021059761
"912",2012-06-18,"PRW227-2R","Capital",2021059761
"913",2013-08-01,"PRW227-2R","Capital",2021059761
"914",2014-06-30,"PRW227-2R","Capital",2021059761
"915",2016-07-28,"PRW227-2R","Capital",2021059761
"916",2006-06-21,"PRW227-3L","Capital",2021059761
"917",2009-06-23,"PRW227-3L","Capital",2021059761
"918",2009-07-21,"PRW227-3L","Capital",2021059761
"919",2012-06-18,"PRW227-3L","Capital",2021059761
"920",2013-08-01,"PRW227-3L","Capital",2021059761
"921",2014-06-30,"PRW227-3L","Capital",2021059761
"922",2016-07-28,"PRW227-3L","Capital",2021059761
"923",2006-06-21,"PRW227-4L","Capital",2021059761
"924",2009-06-23,"PRW227-4L","Capital",2021059761
"925",2009-07-21,"PRW227-4L","Capital",2021059761
"926",2012-06-18,"PRW227-4L","Capital",2021059761
"927",2013-08-01,"PRW227-4L","Capital",2021059761
"928",2014-06-30,"PRW227-4L","Capital",2021059761
"929",2016-07-28,"PRW227-4L","Capital",2021059761
"930",2006-07-11,"PRW227-A1","Capital",2021059761
"931",2006-07-11,"PRW227-A2","Capital",2021059761
"932",2006-06-23,"PRW247-1R","Capital",2021059761
"933",2006-07-10,"PRW247-1R","Capital",2021059761
"934",2008-06-12,"PRW247-1R","Capital",2021059761
"935",2008-07-17,"PRW247-1R","Capital",2021059761
"936",2009-06-22,"PRW247-1R","Capital",2021059761
"937",2009-07-21,"PRW247-1R","Capital",2021059761
"938",2012-06-19,"PRW247-1R","Capital",2021059761
"939",2012-07-23,"PRW247-1R","Capital",2021059761
"940",2013-07-24,"PRW247-1R","Capital",2021059761
"941",2014-07-29,"PRW247-1R","Capital",2021059761
"942",2006-06-23,"PRW247-2L","Capital",2021059761
"943",2006-07-10,"PRW247-2L","Capital",2021059761
"944",2008-06-12,"PRW247-2L","Capital",2021059761
"945",2008-07-17,"PRW247-2L","Capital",2021059761
"946",2009-06-22,"PRW247-2L","Capital",2021059761
"947",2009-07-21,"PRW247-2L","Capital",2021059761
"948",2012-06-19,"PRW247-2L","Capital",2021059761
"949",2012-07-23,"PRW247-2L","Capital",2021059761
"950",2013-07-24,"PRW247-2L","Capital",2021059761
"951",2014-07-29,"PRW247-2L","Capital",2021059761
"952",2006-06-23,"PRW247-3R","Capital",2021059761
"953",2006-07-10,"PRW247-3R","Capital",2021059761
"954",2008-06-12,"PRW247-3R","Capital",2021059761
"955",2008-07-17,"PRW247-3R","Capital",2021059761
"956",2009-06-22,"PRW247-3R","Capital",2021059761
"957",2009-07-21,"PRW247-3R","Capital",2021059761
"958",2012-06-19,"PRW247-3R","Capital",2021059761
"959",2012-07-23,"PRW247-3R","Capital",2021059761
"960",2013-07-24,"PRW247-3R","Capital",2021059761
"961",2014-07-29,"PRW247-3R","Capital",2021059761
"962",2006-06-23,"PRW247-4L","Capital",2021059761
"963",2006-07-10,"PRW247-4L","Capital",2021059761
"964",2008-06-12,"PRW247-4L","Capital",2021059761
"965",2008-07-17,"PRW247-4L","Capital",2021059761
"966",2009-06-22,"PRW247-4L","Capital",2021059761
"967",2009-07-21,"PRW247-4L","Capital",2021059761
"968",2012-06-19,"PRW247-4L","Capital",2021059761
"969",2012-07-23,"PRW247-4L","Capital",2021059761
"970",2013-07-24,"PRW247-4L","Capital",2021059761
"971",2014-07-29,"PRW247-4L","Capital",2021059761
"972",2006-06-14,"PRW262-1","Capital",2021059719
"973",2006-07-10,"PRW262-1","Capital",2021059719
"974",2008-06-10,"PRW262-1","Capital",2021059719
"975",2008-07-14,"PRW262-1","Capital",2021059719
"976",2009-06-22,"PRW262-1","Capital",2021059719
"977",2009-07-21,"PRW262-1","Capital",2021059719
"978",2012-06-18,"PRW262-1","Capital",2021059719
"979",2012-07-23,"PRW262-1","Capital",2021059719
"980",2013-07-22,"PRW262-1","Capital",2021059719
"981",2014-07-29,"PRW262-1","Capital",2021059719
"982",2016-07-26,"PRW262-1","Capital",2021059719
"983",2006-06-14,"PRW262-2","Capital",2021059719
"984",2006-07-10,"PRW262-2","Capital",2021059719
"985",2008-06-10,"PRW262-2","Capital",2021059719
"986",2008-07-14,"PRW262-2","Capital",2021059719
"987",2009-06-22,"PRW262-2","Capital",2021059719
"988",2009-07-21,"PRW262-2","Capital",2021059719
"989",2012-06-18,"PRW262-2","Capital",2021059719
"990",2012-07-23,"PRW262-2","Capital",2021059719
"991",2013-07-22,"PRW262-2","Capital",2021059719
"992",2014-07-29,"PRW262-2","Capital",2021059719
"993",2016-07-26,"PRW262-2","Capital",2021059719
"994",2006-06-14,"PRW262-3","Capital",2021059719
"995",2006-07-10,"PRW262-3","Capital",2021059719
"996",2008-06-10,"PRW262-3","Capital",2021059719
"997",2008-07-14,"PRW262-3","Capital",2021059719
"998",2009-06-22,"PRW262-3","Capital",2021059719
"999",2009-07-21,"PRW262-3","Capital",2021059719
"1000",2012-06-18,"PRW262-3","Capital",2021059719
"1001",2012-07-23,"PRW262-3","Capital",2021059719
"1002",2013-07-22,"PRW262-3","Capital",2021059719
"1003",2014-07-29,"PRW262-3","Capital",2021059719
"1004",2016-07-26,"PRW262-3","Capital",2021059719
"1005",2006-06-14,"PRW262-4","Capital",2021059719
"1006",2006-07-10,"PRW262-4","Capital",2021059719
"1007",2008-06-10,"PRW262-4","Capital",2021059719
"1008",2008-07-14,"PRW262-4","Capital",2021059719
"1009",2009-06-22,"PRW262-4","Capital",2021059719
"1010",2009-07-21,"PRW262-4","Capital",2021059719
"1011",2012-06-18,"PRW262-4","Capital",2021059719
"1012",2012-07-23,"PRW262-4","Capital",2021059719
"1013",2013-07-22,"PRW262-4","Capital",2021059719
"1014",2014-07-29,"PRW262-4","Capital",2021059719
"1015",2016-07-26,"PRW262-4","Capital",2021059719
"1016",2006-06-14,"PRW263-1","Capital",2021059719
"1017",2006-07-19,"PRW263-1","Capital",2021059719
"1018",2008-06-10,"PRW263-1","Capital",2021059719
"1019",2008-07-16,"PRW263-1","Capital",2021059719
"1020",2009-06-22,"PRW263-1","Capital",2021059719
"1021",2009-07-21,"PRW263-1","Capital",2021059719
"1022",2012-06-18,"PRW263-1","Capital",2021059719
"1023",2012-07-23,"PRW263-1","Capital",2021059719
"1024",2013-07-22,"PRW263-1","Capital",2021059719
"1025",2014-07-29,"PRW263-1","Capital",2021059719
"1026",2016-07-26,"PRW263-1","Capital",2021059719
"1027",2006-06-14,"PRW263-2","Capital",2021059719
"1028",2006-07-19,"PRW263-2","Capital",2021059719
"1029",2008-06-10,"PRW263-2","Capital",2021059719
"1030",2008-07-16,"PRW263-2","Capital",2021059719
"1031",2009-06-22,"PRW263-2","Capital",2021059719
"1032",2009-07-21,"PRW263-2","Capital",2021059719
"1033",2012-06-18,"PRW263-2","Capital",2021059719
"1034",2012-07-23,"PRW263-2","Capital",2021059719
"1035",2013-07-22,"PRW263-2","Capital",2021059719
"1036",2014-07-29,"PRW263-2","Capital",2021059719
"1037",2016-07-26,"PRW263-2","Capital",2021059719
"1038",2006-06-14,"PRW263-3","Capital",2021059719
"1039",2008-06-10,"PRW263-3","Capital",2021059719
"1040",2008-07-16,"PRW263-3","Capital",2021059719
"1041",2009-06-22,"PRW263-3","Capital",2021059719
"1042",2009-07-21,"PRW263-3","Capital",2021059719
"1043",2012-06-18,"PRW263-3","Capital",2021059719
"1044",2012-07-23,"PRW263-3","Capital",2021059719
"1045",2013-07-22,"PRW263-3","Capital",2021059719
"1046",2014-07-29,"PRW263-3","Capital",2021059719
"1047",2016-07-26,"PRW263-3","Capital",2021059719
"1048",2006-06-14,"PRW263-4","Capital",2021059719
"1049",2008-06-10,"PRW263-4","Capital",2021059719
"1050",2008-07-16,"PRW263-4","Capital",2021059719
"1051",2009-06-22,"PRW263-4","Capital",2021059719
"1052",2009-07-21,"PRW263-4","Capital",2021059719
"1053",2012-06-18,"PRW263-4","Capital",2021059719
"1054",2012-07-23,"PRW263-4","Capital",2021059719
"1055",2013-07-22,"PRW263-4","Capital",2021059719
"1056",2014-07-29,"PRW263-4","Capital",2021059719
"1057",2016-07-26,"PRW263-4","Capital",2021059719
"1058",2006-07-19,"PRW263-A1","Capital",2021059719
"1059",2006-07-19,"PRW263-A2","Capital",2021059719
"1060",2006-06-22,"PRW301-1R","Capital",2021059719
"1061",2006-07-19,"PRW301-1R","Capital",2021059719
"1062",2008-06-13,"PRW301-1R","Capital",2021059719
"1063",2008-07-18,"PRW301-1R","Capital",2021059719
"1064",2009-06-23,"PRW301-1R","Capital",2021059719
"1065",2009-07-20,"PRW301-1R","Capital",2021059719
"1066",2012-07-24,"PRW301-1R","Capital",2021059719
"1067",2013-07-24,"PRW301-1R","Capital",2021059719
"1068",2014-07-02,"PRW301-1R","Capital",2021059719
"1069",2006-06-22,"PRW301-2L","Capital",2021059719
"1070",2006-07-19,"PRW301-2L","Capital",2021059719
"1071",2008-06-13,"PRW301-2L","Capital",2021059719
"1072",2008-07-18,"PRW301-2L","Capital",2021059719
"1073",2009-06-23,"PRW301-2L","Capital",2021059719
"1074",2009-07-20,"PRW301-2L","Capital",2021059719
"1075",2012-07-24,"PRW301-2L","Capital",2021059719
"1076",2013-07-24,"PRW301-2L","Capital",2021059719
"1077",2014-07-02,"PRW301-2L","Capital",2021059719
"1078",2006-06-22,"PRW301-3R","Capital",2021059719
"1079",2006-07-19,"PRW301-3R","Capital",2021059719
"1080",2008-06-13,"PRW301-3R","Capital",2021059719
"1081",2008-07-18,"PRW301-3R","Capital",2021059719
"1082",2009-06-23,"PRW301-3R","Capital",2021059719
"1083",2009-07-20,"PRW301-3R","Capital",2021059719
"1084",2012-07-24,"PRW301-3R","Capital",2021059719
"1085",2013-07-24,"PRW301-3R","Capital",2021059719
"1086",2014-07-02,"PRW301-3R","Capital",2021059719
"1087",2006-06-22,"PRW301-4L","Capital",2021059719
"1088",2006-07-19,"PRW301-4L","Capital",2021059719
"1089",2008-06-13,"PRW301-4L","Capital",2021059719
"1090",2008-07-18,"PRW301-4L","Capital",2021059719
"1091",2009-06-23,"PRW301-4L","Capital",2021059719
"1092",2009-07-20,"PRW301-4L","Capital",2021059719
"1093",2012-07-24,"PRW301-4L","Capital",2021059719
"1094",2013-07-24,"PRW301-4L","Capital",2021059719
"1095",2014-07-02,"PRW301-4L","Capital",2021059719
"1096",2006-06-23,"PRW314-1R","Capital",2021059719
"1097",2006-07-11,"PRW314-1R","Capital",2021059719
"1098",2009-06-24,"PRW314-1R","Capital",2021059719
"1099",2009-07-20,"PRW314-1R","Capital",2021059719
"1100",2012-07-24,"PRW314-1R","Capital",2021059719
"1101",2013-08-01,"PRW314-1R","Capital",2021059719
"1102",2014-07-31,"PRW314-1R","Capital",2021059719
"1103",2006-06-23,"PRW314-2L","Capital",2021059719
"1104",2006-07-11,"PRW314-2L","Capital",2021059719
"1105",2009-06-24,"PRW314-2L","Capital",2021059719
"1106",2009-07-20,"PRW314-2L","Capital",2021059719
"1107",2012-07-24,"PRW314-2L","Capital",2021059719
"1108",2013-08-01,"PRW314-2L","Capital",2021059719
"1109",2014-07-31,"PRW314-2L","Capital",2021059719
"1110",2006-06-23,"PRW314-3L","Capital",2021059719
"1111",2006-07-11,"PRW314-3L","Capital",2021059719
"1112",2013-08-01,"PRW314-3L","Capital",2021059719
"1113",2014-07-31,"PRW314-3L","Capital",2021059719
"1114",2006-06-23,"PRW314-4R","Capital",2021059719
"1115",2006-07-11,"PRW314-4R","Capital",2021059719
"1116",2013-08-01,"PRW314-4R","Capital",2021059719
"1117",2014-07-31,"PRW314-4R","Capital",2021059719
"1118",2006-06-23,"PRW315-1L","Capital",2021059719
"1119",2006-07-11,"PRW315-1L","Capital",2021059719
"1120",2009-06-24,"PRW315-1L","Capital",2021059719
"1121",2009-07-20,"PRW315-1L","Capital",2021059719
"1122",2012-07-24,"PRW315-1L","Capital",2021059719
"1123",2013-08-01,"PRW315-1L","Capital",2021059719
"1124",2014-07-31,"PRW315-1L","Capital",2021059719
"1125",2006-06-23,"PRW315-2R","Capital",2021059719
"1126",2006-07-11,"PRW315-2R","Capital",2021059719
"1127",2009-06-24,"PRW315-2R","Capital",2021059719
"1128",2009-07-20,"PRW315-2R","Capital",2021059719
"1129",2012-07-24,"PRW315-2R","Capital",2021059719
"1130",2013-08-01,"PRW315-2R","Capital",2021059719
"1131",2014-07-31,"PRW315-2R","Capital",2021059719
"1132",2006-06-23,"PRW315-3L","Capital",2021059719
"1133",2006-07-11,"PRW315-3L","Capital",2021059719
"1134",2009-06-24,"PRW315-3L","Capital",2021059719
"1135",2012-07-24,"PRW315-3L","Capital",2021059719
"1136",2013-08-01,"PRW315-3L","Capital",2021059719
"1137",2014-07-31,"PRW315-3L","Capital",2021059719
"1138",2006-06-23,"PRW315-4R","Capital",2021059719
"1139",2009-06-24,"PRW315-4R","Capital",2021059719
"1140",2012-07-24,"PRW315-4R","Capital",2021059719
"1141",2013-08-01,"PRW315-4R","Capital",2021059719
"1142",2014-07-31,"PRW315-4R","Capital",2021059719
"1143",2006-06-22,"PRW331-1R","Capital",2021059719
"1144",2006-07-19,"PRW331-1R","Capital",2021059719
"1145",2008-06-13,"PRW331-1R","Capital",2021059719
"1146",2008-07-17,"PRW331-1R","Capital",2021059719
"1147",2009-06-24,"PRW331-1R","Capital",2021059719
"1148",2009-07-20,"PRW331-1R","Capital",2021059719
"1149",2012-07-24,"PRW331-1R","Capital",2021059719
"1150",2013-07-24,"PRW331-1R","Capital",2021059719
"1151",2014-07-02,"PRW331-1R","Capital",2021059719
"1152",2006-06-22,"PRW331-2L","Capital",2021059719
"1153",2006-07-19,"PRW331-2L","Capital",2021059719
"1154",2008-06-13,"PRW331-2L","Capital",2021059719
"1155",2008-07-18,"PRW331-2L","Capital",2021059719
"1156",2009-06-24,"PRW331-2L","Capital",2021059719
"1157",2009-07-20,"PRW331-2L","Capital",2021059719
"1158",2012-07-24,"PRW331-2L","Capital",2021059719
"1159",2013-07-24,"PRW331-2L","Capital",2021059719
"1160",2014-07-02,"PRW331-2L","Capital",2021059719
"1161",2006-06-22,"PRW331-3L","Capital",2021059719
"1162",2006-07-19,"PRW331-3L","Capital",2021059719
"1163",2008-06-13,"PRW331-3L","Capital",2021059719
"1164",2008-07-18,"PRW331-3L","Capital",2021059719
"1165",2009-06-24,"PRW331-3L","Capital",2021059719
"1166",2009-07-20,"PRW331-3L","Capital",2021059719
"1167",2012-07-24,"PRW331-3L","Capital",2021059719
"1168",2013-07-24,"PRW331-3L","Capital",2021059719
"1169",2014-07-02,"PRW331-3L","Capital",2021059719
"1170",2006-06-22,"PRW331-4L","Capital",2021059719
"1171",2006-07-19,"PRW331-4L","Capital",2021059719
"1172",2008-06-13,"PRW331-4L","Capital",2021059719
"1173",2008-07-18,"PRW331-4L","Capital",2021059719
"1174",2009-06-24,"PRW331-4L","Capital",2021059719
"1175",2009-07-20,"PRW331-4L","Capital",2021059719
"1176",2012-07-24,"PRW331-4L","Capital",2021059719
"1177",2013-07-24,"PRW331-4L","Capital",2021059719
"1178",2014-07-02,"PRW331-4L","Capital",2021059719
"1179",2006-06-15,"PRW370-1","Capital",2021059995
"1180",2006-07-18,"PRW370-1","Capital",2021059995
"1181",2009-06-24,"PRW370-1","Capital",2021059995
"1182",2009-07-21,"PRW370-1","Capital",2021059995
"1183",2012-06-18,"PRW370-1","Capital",2021059995
"1184",2013-06-24,"PRW370-1","Capital",2021059995
"1185",2014-07-31,"PRW370-1","Capital",2021059995
"1186",2006-06-15,"PRW370-2","Capital",2021059995
"1187",2006-07-18,"PRW370-2","Capital",2021059995
"1188",2009-06-24,"PRW370-2","Capital",2021059995
"1189",2009-07-21,"PRW370-2","Capital",2021059995
"1190",2012-06-18,"PRW370-2","Capital",2021059995
"1191",2013-06-24,"PRW370-2","Capital",2021059995
"1192",2014-07-31,"PRW370-2","Capital",2021059995
"1193",2006-06-15,"PRW370-3","Capital",2021059995
"1194",2006-07-18,"PRW370-3","Capital",2021059995
"1195",2009-06-24,"PRW370-3","Capital",2021059995
"1196",2012-06-18,"PRW370-3","Capital",2021059995
"1197",2013-06-24,"PRW370-3","Capital",2021059995
"1198",2014-07-31,"PRW370-3","Capital",2021059995
"1199",2006-06-15,"PRW370-4","Capital",2021059995
"1200",2006-07-18,"PRW370-4","Capital",2021059995
"1201",2009-06-24,"PRW370-4","Capital",2021059995
"1202",2012-06-18,"PRW370-4","Capital",2021059995
"1203",2013-06-24,"PRW370-4","Capital",2021059995
"1204",2014-07-31,"PRW370-4","Capital",2021059995
"1205",2006-06-15,"PRW371-1","Capital",2021059995
"1206",2006-07-18,"PRW371-1","Capital",2021059995
"1207",2008-06-12,"PRW371-1","Capital",2021059995
"1208",2008-07-15,"PRW371-1","Capital",2021059995
"1209",2009-06-24,"PRW371-1","Capital",2021059995
"1210",2009-07-21,"PRW371-1","Capital",2021059995
"1211",2012-06-18,"PRW371-1","Capital",2021059995
"1212",2013-06-24,"PRW371-1","Capital",2021059995
"1213",2014-07-31,"PRW371-1","Capital",2021059995
"1214",2006-06-15,"PRW371-2","Capital",2021059995
"1215",2006-07-18,"PRW371-2","Capital",2021059995
"1216",2008-06-12,"PRW371-2","Capital",2021059995
"1217",2008-07-15,"PRW371-2","Capital",2021059995
"1218",2009-06-24,"PRW371-2","Capital",2021059995
"1219",2009-07-21,"PRW371-2","Capital",2021059995
"1220",2012-06-18,"PRW371-2","Capital",2021059995
"1221",2013-06-24,"PRW371-2","Capital",2021059995
"1222",2014-07-31,"PRW371-2","Capital",2021059995
"1223",2006-06-15,"PRW371-3","Capital",2021059995
"1224",2006-07-18,"PRW371-3","Capital",2021059995
"1225",2008-06-12,"PRW371-3","Capital",2021059995
"1226",2008-07-15,"PRW371-3","Capital",2021059995
"1227",2009-06-24,"PRW371-3","Capital",2021059995
"1228",2012-06-18,"PRW371-3","Capital",2021059995
"1229",2013-06-24,"PRW371-3","Capital",2021059995
"1230",2014-07-31,"PRW371-3","Capital",2021059995
"1231",2006-06-15,"PRW371-4","Capital",2021059995
"1232",2006-07-18,"PRW371-4","Capital",2021059995
"1233",2008-06-12,"PRW371-4","Capital",2021059995
"1234",2008-07-15,"PRW371-4","Capital",2021059995
"1235",2009-06-24,"PRW371-4","Capital",2021059995
"1236",2012-06-18,"PRW371-4","Capital",2021059995
"1237",2013-06-24,"PRW371-4","Capital",2021059995
"1238",2014-07-31,"PRW371-4","Capital",2021059995
"1239",2006-06-22,"PRW424-1L","Capital",2021059967
"1240",2006-07-18,"PRW424-1L","Capital",2021059967
"1241",2008-07-17,"PRW424-1L","Capital",2021059967
"1242",2009-06-24,"PRW424-1L","Capital",2021059967
"1243",2009-07-21,"PRW424-1L","Capital",2021059967
"1244",2012-06-19,"PRW424-1L","Capital",2021059967
"1245",2013-06-25,"PRW424-1L","Capital",2021059967
"1246",2014-07-28,"PRW424-1L","Capital",2021059967
"1247",2016-07-27,"PRW424-1L","Capital",2021059967
"1248",2006-06-22,"PRW424-2R","Capital",2021059967
"1249",2006-07-18,"PRW424-2R","Capital",2021059967
"1250",2008-07-17,"PRW424-2R","Capital",2021059967
"1251",2009-06-24,"PRW424-2R","Capital",2021059967
"1252",2009-07-21,"PRW424-2R","Capital",2021059967
"1253",2012-06-19,"PRW424-2R","Capital",2021059967
"1254",2013-06-25,"PRW424-2R","Capital",2021059967
"1255",2014-07-28,"PRW424-2R","Capital",2021059967
"1256",2016-07-27,"PRW424-2R","Capital",2021059967
"1257",2006-06-22,"PRW424-3L","Capital",2021059967
"1258",2006-07-18,"PRW424-3L","Capital",2021059967
"1259",2008-07-17,"PRW424-3L","Capital",2021059967
"1260",2009-06-24,"PRW424-3L","Capital",2021059967
"1261",2009-07-21,"PRW424-3L","Capital",2021059967
"1262",2012-06-19,"PRW424-3L","Capital",2021059967
"1263",2013-06-25,"PRW424-3L","Capital",2021059967
"1264",2014-07-28,"PRW424-3L","Capital",2021059967
"1265",2016-07-27,"PRW424-3L","Capital",2021059967
"1266",2006-06-22,"PRW424-4R","Capital",2021059967
"1267",2006-07-18,"PRW424-4R","Capital",2021059967
"1268",2008-07-17,"PRW424-4R","Capital",2021059967
"1269",2009-06-24,"PRW424-4R","Capital",2021059967
"1270",2009-07-21,"PRW424-4R","Capital",2021059967
"1271",2012-06-19,"PRW424-4R","Capital",2021059967
"1272",2013-06-25,"PRW424-4R","Capital",2021059967
"1273",2014-07-28,"PRW424-4R","Capital",2021059967
"1274",2016-07-27,"PRW424-4R","Capital",2021059967
"1275",2006-06-21,"PRW516-1L","Capital",2021059295
"1276",2006-07-10,"PRW516-1L","Capital",2021059295
"1277",2008-06-11,"PRW516-1L","Capital",2021059295
"1278",2008-07-15,"PRW516-1L","Capital",2021059295
"1279",2009-06-24,"PRW516-1L","Capital",2021059295
"1280",2009-07-20,"PRW516-1L","Capital",2021059295
"1281",2013-07-23,"PRW516-1L","Capital",2021059295
"1282",2014-07-01,"PRW516-1L","Capital",2021059295
"1283",2006-06-21,"PRW516-2R","Capital",2021059295
"1284",2006-07-10,"PRW516-2R","Capital",2021059295
"1285",2008-06-11,"PRW516-2R","Capital",2021059295
"1286",2008-07-15,"PRW516-2R","Capital",2021059295
"1287",2009-06-24,"PRW516-2R","Capital",2021059295
"1288",2009-07-20,"PRW516-2R","Capital",2021059295
"1289",2013-07-23,"PRW516-2R","Capital",2021059295
"1290",2014-07-01,"PRW516-2R","Capital",2021059295
"1291",2006-06-21,"PRW516-3L","Capital",2021058743
"1292",2006-07-10,"PRW516-3L","Capital",2021058743
"1293",2008-06-11,"PRW516-3L","Capital",2021058743
"1294",2008-07-15,"PRW516-3L","Capital",2021058743
"1295",2009-06-24,"PRW516-3L","Capital",2021058743
"1296",2009-07-20,"PRW516-3L","Capital",2021058743
"1297",2013-07-23,"PRW516-3L","Capital",2021058743
"1298",2014-07-01,"PRW516-3L","Capital",2021058743
"1299",2006-06-21,"PRW516-4R","Capital",2021058743
"1300",2006-07-10,"PRW516-4R","Capital",2021058743
"1301",2008-06-11,"PRW516-4R","Capital",2021058743
"1302",2008-07-15,"PRW516-4R","Capital",2021058743
"1303",2009-06-24,"PRW516-4R","Capital",2021058743
"1304",2009-07-20,"PRW516-4R","Capital",2021058743
"1305",2013-07-23,"PRW516-4R","Capital",2021058743
"1306",2014-07-01,"PRW516-4R","Capital",2021058743
"1307",2005-06-23,"16th St (Holly)-1","Capital",2021049317
"1308",2005-07-18,"16th St (Holly)-1","Capital",2021049317
"1309",2006-06-08,"16th St (Holly)-1","Capital",2021049317
"1310",2006-07-21,"16th St (Holly)-1","Capital",2021049317
"1311",2007-06-06,"16th St (Holly)-1","Capital",2021049317
"1312",2007-07-12,"16th St (Holly)-1","Capital",2021049317
"1313",2008-06-03,"16th St (Holly)-1","Capital",2021049317
"1314",2008-07-03,"16th St (Holly)-1","Capital",2021049317
"1315",2009-06-02,"16th St (Holly)-1","Capital",2021049317
"1316",2009-07-01,"16th St (Holly)-1","Capital",2021049317
"1317",2010-06-02,"16th St (Holly)-1","Capital",2021049317
"1318",2010-07-01,"16th St (Holly)-1","Capital",2021049317
"1319",2011-06-23,"16th St (Holly)-1","Capital",2021049317
"1320",2011-07-26,"16th St (Holly)-1","Capital",2021049317
"1321",2012-06-21,"16th St (Holly)-1","Capital",2021049317
"1322",2012-07-27,"16th St (Holly)-1","Capital",2021049317
"1323",2013-07-29,"16th St (Holly)-1","Capital",2021049317
"1324",2013-08-06,"16th St (Holly)-1","Capital",2021049317
"1325",2014-06-16,"16th St (Holly)-1","Capital",2021049317
"1326",2014-07-23,"16th St (Holly)-1","Capital",2021049317
"1327",2015-07-14,"16th St (Holly)-1","Capital",2021049317
"1328",2016-06-24,"16th St (Holly)-1","Capital",2021049317
"1329",2016-07-15,"16th St (Holly)-1","Capital",2021049317
"1330",2017-07-24,"16th St (Holly)-1","Capital",2021049317
"1331",2005-07-18,"16th St (Holly)-2","Capital",2021049317
"1332",2006-06-08,"16th St (Holly)-2","Capital",2021049317
"1333",2006-07-21,"16th St (Holly)-2","Capital",2021049317
"1334",2007-06-06,"16th St (Holly)-2","Capital",2021049317
"1335",2007-07-12,"16th St (Holly)-2","Capital",2021049317
"1336",2008-06-03,"16th St (Holly)-2","Capital",2021049317
"1337",2008-07-03,"16th St (Holly)-2","Capital",2021049317
"1338",2009-06-02,"16th St (Holly)-2","Capital",2021049317
"1339",2009-07-01,"16th St (Holly)-2","Capital",2021049317
"1340",2010-06-02,"16th St (Holly)-2","Capital",2021049317
"1341",2010-07-01,"16th St (Holly)-2","Capital",2021049317
"1342",2011-06-23,"16th St (Holly)-2","Capital",2021049317
"1343",2011-07-26,"16th St (Holly)-2","Capital",2021049317
"1344",2012-06-21,"16th St (Holly)-2","Capital",2021049317
"1345",2012-07-27,"16th St (Holly)-2","Capital",2021049317
"1346",2013-07-29,"16th St (Holly)-2","Capital",2021049317
"1347",2013-08-06,"16th St (Holly)-2","Capital",2021049317
"1348",2014-06-16,"16th St (Holly)-2","Capital",2021049317
"1349",2014-07-23,"16th St (Holly)-2","Capital",2021049317
"1350",2015-07-14,"16th St (Holly)-2","Capital",2021049317
"1351",2016-06-24,"16th St (Holly)-2","Capital",2021049317
"1352",2016-07-15,"16th St (Holly)-2","Capital",2021049317
"1353",2017-07-24,"16th St (Holly)-2","Capital",2021049317
"1354",2005-06-02,"16th St (Holly)-3","Capital",2021049317
"1355",2005-07-18,"16th St (Holly)-3","Capital",2021049317
"1356",2006-06-08,"16th St (Holly)-3","Capital",2021049317
"1357",2006-07-21,"16th St (Holly)-3","Capital",2021049317
"1358",2007-06-06,"16th St (Holly)-3","Capital",2021049317
"1359",2007-07-12,"16th St (Holly)-3","Capital",2021049317
"1360",2008-06-04,"16th St (Holly)-3","Capital",2021049317
"1361",2008-07-03,"16th St (Holly)-3","Capital",2021049317
"1362",2009-06-02,"16th St (Holly)-3","Capital",2021049317
"1363",2009-07-01,"16th St (Holly)-3","Capital",2021049317
"1364",2010-06-01,"16th St (Holly)-3","Capital",2021049317
"1365",2010-07-01,"16th St (Holly)-3","Capital",2021049317
"1366",2011-06-23,"16th St (Holly)-3","Capital",2021049317
"1367",2011-07-26,"16th St (Holly)-3","Capital",2021049317
"1368",2012-06-21,"16th St (Holly)-3","Capital",2021049317
"1369",2012-07-27,"16th St (Holly)-3","Capital",2021049317
"1370",2013-07-29,"16th St (Holly)-3","Capital",2021049317
"1371",2013-08-06,"16th St (Holly)-3","Capital",2021049317
"1372",2014-06-16,"16th St (Holly)-3","Capital",2021049317
"1373",2014-07-23,"16th St (Holly)-3","Capital",2021049317
"1374",2015-07-14,"16th St (Holly)-3","Capital",2021049317
"1375",2016-06-24,"16th St (Holly)-3","Capital",2021049317
"1376",2016-07-15,"16th St (Holly)-3","Capital",2021049317
"1377",2017-07-24,"16th St (Holly)-3","Capital",2021049317
"1378",2005-06-23,"16th St (Holly)-4","Capital",2021049317
"1379",2005-07-18,"16th St (Holly)-4","Capital",2021049317
"1380",2006-06-08,"16th St (Holly)-4","Capital",2021049317
"1381",2006-07-21,"16th St (Holly)-4","Capital",2021049317
"1382",2007-06-06,"16th St (Holly)-4","Capital",2021049317
"1383",2007-07-12,"16th St (Holly)-4","Capital",2021049317
"1384",2008-06-04,"16th St (Holly)-4","Capital",2021049317
"1385",2008-07-03,"16th St (Holly)-4","Capital",2021049317
"1386",2009-06-02,"16th St (Holly)-4","Capital",2021049317
"1387",2009-07-01,"16th St (Holly)-4","Capital",2021049317
"1388",2010-06-02,"16th St (Holly)-4","Capital",2021049317
"1389",2010-07-01,"16th St (Holly)-4","Capital",2021049317
"1390",2011-06-23,"16th St (Holly)-4","Capital",2021049317
"1391",2011-07-26,"16th St (Holly)-4","Capital",2021049317
"1392",2012-06-21,"16th St (Holly)-4","Capital",2021049317
"1393",2012-07-27,"16th St (Holly)-4","Capital",2021049317
"1394",2013-07-29,"16th St (Holly)-4","Capital",2021049317
"1395",2013-08-06,"16th St (Holly)-4","Capital",2021049317
"1396",2014-06-16,"16th St (Holly)-4","Capital",2021049317
"1397",2014-07-23,"16th St (Holly)-4","Capital",2021049317
"1398",2015-07-14,"16th St (Holly)-4","Capital",2021049317
"1399",2016-06-24,"16th St (Holly)-4","Capital",2021049317
"1400",2016-07-15,"16th St (Holly)-4","Capital",2021049317
"1401",2017-07-24,"16th St (Holly)-4","Capital",2021049317
"1402",2005-06-23,"Fairway18-1","Capital",2021058586
"1403",2005-07-20,"Fairway18-1","Capital",2021058586
"1404",2006-06-08,"Fairway18-1","Capital",2021058586
"1405",2006-07-21,"Fairway18-1","Capital",2021058586
"1406",2007-06-06,"Fairway18-1","Capital",2021058586
"1407",2007-07-12,"Fairway18-1","Capital",2021058586
"1408",2008-06-04,"Fairway18-1","Capital",2021058586
"1409",2008-07-03,"Fairway18-1","Capital",2021058586
"1410",2009-06-02,"Fairway18-1","Capital",2021058586
"1411",2009-07-01,"Fairway18-1","Capital",2021058586
"1412",2010-06-02,"Fairway18-1","Capital",2021058586
"1413",2010-07-01,"Fairway18-1","Capital",2021058586
"1414",2011-06-23,"Fairway18-1","Capital",2021058586
"1415",2011-07-26,"Fairway18-1","Capital",2021058586
"1416",2012-06-21,"Fairway18-1","Capital",2021058586
"1417",2013-07-30,"Fairway18-1","Capital",2021058586
"1418",2013-08-07,"Fairway18-1","Capital",2021058586
"1419",2014-06-17,"Fairway18-1","Capital",2021058586
"1420",2014-07-24,"Fairway18-1","Capital",2021058586
"1421",2015-07-14,"Fairway18-1","Capital",2021058586
"1422",2016-06-22,"Fairway18-1","Capital",2021058586
"1423",2016-07-14,"Fairway18-1","Capital",2021058586
"1424",2017-07-25,"Fairway18-1","Capital",2021058586
"1425",2005-06-23,"Fairway18-2","Capital",2021049618
"1426",2005-07-20,"Fairway18-2","Capital",2021049618
"1427",2006-06-08,"Fairway18-2","Capital",2021049618
"1428",2006-07-21,"Fairway18-2","Capital",2021049618
"1429",2007-06-06,"Fairway18-2","Capital",2021049618
"1430",2007-07-12,"Fairway18-2","Capital",2021049618
"1431",2008-06-04,"Fairway18-2","Capital",2021049618
"1432",2008-07-03,"Fairway18-2","Capital",2021049618
"1433",2009-06-02,"Fairway18-2","Capital",2021049618
"1434",2009-07-01,"Fairway18-2","Capital",2021049618
"1435",2010-06-02,"Fairway18-2","Capital",2021049618
"1436",2010-07-01,"Fairway18-2","Capital",2021049618
"1437",2011-06-23,"Fairway18-2","Capital",2021049618
"1438",2011-07-26,"Fairway18-2","Capital",2021049618
"1439",2012-06-21,"Fairway18-2","Capital",2021049618
"1440",2013-07-30,"Fairway18-2","Capital",2021049618
"1441",2013-08-07,"Fairway18-2","Capital",2021049618
"1442",2014-06-17,"Fairway18-2","Capital",2021049618
"1443",2014-07-24,"Fairway18-2","Capital",2021049618
"1444",2015-07-14,"Fairway18-2","Capital",2021049618
"1445",2016-06-22,"Fairway18-2","Capital",2021049618
"1446",2016-07-14,"Fairway18-2","Capital",2021049618
"1447",2017-07-25,"Fairway18-2","Capital",2021049618
"1448",2005-06-23,"Fairway18-3","Capital",2021049618
"1449",2005-07-20,"Fairway18-3","Capital",2021049618
"1450",2006-06-08,"Fairway18-3","Capital",2021049618
"1451",2006-07-21,"Fairway18-3","Capital",2021049618
"1452",2007-06-06,"Fairway18-3","Capital",2021049618
"1453",2007-07-12,"Fairway18-3","Capital",2021049618
"1454",2008-06-04,"Fairway18-3","Capital",2021049618
"1455",2008-07-03,"Fairway18-3","Capital",2021049618
"1456",2009-06-02,"Fairway18-3","Capital",2021049618
"1457",2009-07-01,"Fairway18-3","Capital",2021049618
"1458",2010-06-02,"Fairway18-3","Capital",2021049618
"1459",2010-07-01,"Fairway18-3","Capital",2021049618
"1460",2011-06-23,"Fairway18-3","Capital",2021049618
"1461",2011-07-26,"Fairway18-3","Capital",2021049618
"1462",2012-06-21,"Fairway18-3","Capital",2021049618
"1463",2012-07-27,"Fairway18-3","Capital",2021049618
"1464",2013-07-30,"Fairway18-3","Capital",2021049618
"1465",2013-08-07,"Fairway18-3","Capital",2021049618
"1466",2014-06-17,"Fairway18-3","Capital",2021049618
"1467",2014-07-24,"Fairway18-3","Capital",2021049618
"1468",2015-07-14,"Fairway18-3","Capital",2021049618
"1469",2016-06-22,"Fairway18-3","Capital",2021049618
"1470",2016-07-14,"Fairway18-3","Capital",2021049618
"1471",2017-07-25,"Fairway18-3","Capital",2021049618
"1472",2005-06-23,"Fairway18-4","Capital",2021049618
"1473",2005-07-20,"Fairway18-4","Capital",2021049618
"1474",2006-06-08,"Fairway18-4","Capital",2021049618
"1475",2006-07-21,"Fairway18-4","Capital",2021049618
"1476",2007-06-06,"Fairway18-4","Capital",2021049618
"1477",2007-07-12,"Fairway18-4","Capital",2021049618
"1478",2008-06-04,"Fairway18-4","Capital",2021049618
"1479",2008-07-03,"Fairway18-4","Capital",2021049618
"1480",2009-06-02,"Fairway18-4","Capital",2021049618
"1481",2009-07-01,"Fairway18-4","Capital",2021049618
"1482",2010-06-02,"Fairway18-4","Capital",2021049618
"1483",2010-07-01,"Fairway18-4","Capital",2021049618
"1484",2011-06-23,"Fairway18-4","Capital",2021049618
"1485",2011-07-26,"Fairway18-4","Capital",2021049618
"1486",2012-06-21,"Fairway18-4","Capital",2021049618
"1487",2012-07-27,"Fairway18-4","Capital",2021049618
"1488",2013-07-30,"Fairway18-4","Capital",2021049618
"1489",2013-08-07,"Fairway18-4","Capital",2021049618
"1490",2014-06-17,"Fairway18-4","Capital",2021049618
"1491",2014-07-24,"Fairway18-4","Capital",2021049618
"1492",2015-07-14,"Fairway18-4","Capital",2021049618
"1493",2016-06-22,"Fairway18-4","Capital",2021049618
"1494",2016-07-14,"Fairway18-4","Capital",2021049618
"1495",2017-07-25,"Fairway18-4","Capital",2021049618
"1496",2005-06-23,"Fairway18-5","Capital",2021049618
"1497",2005-07-20,"Fairway18-5","Capital",2021049618
"1498",2005-06-27,"Picnic 21-1",NA,NA
"1499",2005-07-21,"Picnic 21-1",NA,NA
"1500",2006-06-07,"Picnic 21-1",NA,NA
"1501",2006-07-24,"Picnic 21-1",NA,NA
"1502",2007-06-06,"Picnic 21-1",NA,NA
"1503",2007-07-12,"Picnic 21-1",NA,NA
"1504",2008-06-05,"Picnic 21-1",NA,NA
"1505",2008-07-07,"Picnic 21-1",NA,NA
"1506",2009-06-02,"Picnic 21-1",NA,NA
"1507",2009-07-01,"Picnic 21-1",NA,NA
"1508",2010-06-01,"Picnic 21-1",NA,NA
"1509",2010-07-01,"Picnic 21-1",NA,NA
"1510",2011-06-23,"Picnic 21-1",NA,NA
"1511",2011-07-26,"Picnic 21-1",NA,NA
"1512",2012-06-21,"Picnic 21-1",NA,NA
"1513",2012-07-27,"Picnic 21-1",NA,NA
"1514",2013-07-30,"Picnic 21-1",NA,NA
"1515",2013-08-06,"Picnic 21-1",NA,NA
"1516",2014-06-17,"Picnic 21-1",NA,NA
"1517",2014-07-24,"Picnic 21-1",NA,NA
"1518",2015-07-01,"Picnic 21-1",NA,NA
"1519",2016-06-22,"Picnic 21-1",NA,NA
"1520",2016-07-21,"Picnic 21-1",NA,NA
"1521",2017-07-25,"Picnic 21-1",NA,NA
"1522",2005-06-27,"Picnic 21-2",NA,NA
"1523",2005-07-21,"Picnic 21-2",NA,NA
"1524",2006-06-07,"Picnic 21-2",NA,NA
"1525",2006-07-24,"Picnic 21-2",NA,NA
"1526",2007-06-06,"Picnic 21-2",NA,NA
"1527",2007-07-12,"Picnic 21-2",NA,NA
"1528",2008-07-07,"Picnic 21-2",NA,NA
"1529",2009-06-02,"Picnic 21-2",NA,NA
"1530",2009-07-01,"Picnic 21-2",NA,NA
"1531",2010-06-01,"Picnic 21-2",NA,NA
"1532",2010-07-01,"Picnic 21-2",NA,NA
"1533",2011-06-23,"Picnic 21-2",NA,NA
"1534",2011-07-26,"Picnic 21-2",NA,NA
"1535",2012-06-21,"Picnic 21-2",NA,NA
"1536",2012-07-27,"Picnic 21-2",NA,NA
"1537",2013-07-30,"Picnic 21-2",NA,NA
"1538",2013-08-06,"Picnic 21-2",NA,NA
"1539",2014-06-17,"Picnic 21-2",NA,NA
"1540",2014-07-24,"Picnic 21-2",NA,NA
"1541",2015-07-01,"Picnic 21-2",NA,NA
"1542",2016-06-22,"Picnic 21-2",NA,NA
"1543",2016-07-21,"Picnic 21-2",NA,NA
"1544",2017-07-25,"Picnic 21-2",NA,NA
"1545",2005-06-27,"Picnic 21-3","Capital",2021050021
"1546",2005-07-21,"Picnic 21-3","Capital",2021050021
"1547",2006-06-07,"Picnic 21-3","Capital",2021050021
"1548",2006-07-24,"Picnic 21-3","Capital",2021050021
"1549",2007-06-06,"Picnic 21-3","Capital",2021050021
"1550",2007-07-12,"Picnic 21-3","Capital",2021050021
"1551",2008-06-05,"Picnic 21-3","Capital",2021050021
"1552",2008-07-02,"Picnic 21-3","Capital",2021050021
"1553",2009-06-02,"Picnic 21-3","Capital",2021050021
"1554",2009-07-01,"Picnic 21-3","Capital",2021050021
"1555",2010-06-01,"Picnic 21-3","Capital",2021050021
"1556",2010-07-01,"Picnic 21-3","Capital",2021050021
"1557",2011-06-23,"Picnic 21-3","Capital",2021050021
"1558",2011-07-26,"Picnic 21-3","Capital",2021050021
"1559",2012-06-21,"Picnic 21-3","Capital",2021050021
"1560",2012-07-27,"Picnic 21-3","Capital",2021050021
"1561",2013-07-30,"Picnic 21-3","Capital",2021050021
"1562",2013-08-06,"Picnic 21-3","Capital",2021050021
"1563",2014-06-17,"Picnic 21-3","Capital",2021050021
"1564",2014-07-24,"Picnic 21-3","Capital",2021050021
"1565",2015-07-01,"Picnic 21-3","Capital",2021050021
"1566",2016-06-22,"Picnic 21-3","Capital",2021050021
"1567",2016-07-21,"Picnic 21-3","Capital",2021050021
"1568",2017-07-25,"Picnic 21-3","Capital",2021050021
"1569",2005-06-24,"Riley Spring 2-1","Capital",2021049317
"1570",2005-07-20,"Riley Spring 2-1","Capital",2021049317
"1571",2006-06-07,"Riley Spring 2-1","Capital",2021049317
"1572",2007-06-07,"Riley Spring 2-1","Capital",2021049317
"1573",2008-06-04,"Riley Spring 2-1","Capital",2021049317
"1574",2009-06-02,"Riley Spring 2-1","Capital",2021049317
"1575",2009-07-01,"Riley Spring 2-1","Capital",2021049317
"1576",2010-06-02,"Riley Spring 2-1","Capital",2021049317
"1577",2010-07-01,"Riley Spring 2-1","Capital",2021049317
"1578",2012-06-21,"Riley Spring 2-1","Capital",2021049317
"1579",2013-07-29,"Riley Spring 2-1","Capital",2021049317
"1580",2013-08-06,"Riley Spring 2-1","Capital",2021049317
"1581",2014-06-17,"Riley Spring 2-1","Capital",2021049317
"1582",2014-07-24,"Riley Spring 2-1","Capital",2021049317
"1583",2015-07-01,"Riley Spring 2-1","Capital",2021049317
"1584",2016-06-22,"Riley Spring 2-1","Capital",2021049317
"1585",2016-07-15,"Riley Spring 2-1","Capital",2021049317
"1586",2017-07-24,"Riley Spring 2-1","Capital",2021049317
"1587",2005-06-24,"Riley Spring 2-2","Capital",2021049317
"1588",2005-07-20,"Riley Spring 2-2","Capital",2021049317
"1589",2006-06-07,"Riley Spring 2-2","Capital",2021049317
"1590",2007-06-07,"Riley Spring 2-2","Capital",2021049317
"1591",2009-07-01,"Riley Spring 2-2","Capital",2021049317
"1592",2010-06-02,"Riley Spring 2-2","Capital",2021049317
"1593",2010-07-01,"Riley Spring 2-2","Capital",2021049317
"1594",2012-06-21,"Riley Spring 2-2","Capital",2021049317
"1595",2013-07-29,"Riley Spring 2-2","Capital",2021049317
"1596",2013-08-06,"Riley Spring 2-2","Capital",2021049317
"1597",2014-06-17,"Riley Spring 2-2","Capital",2021049317
"1598",2014-07-24,"Riley Spring 2-2","Capital",2021049317
"1599",2015-07-01,"Riley Spring 2-2","Capital",2021049317
"1600",2016-06-22,"Riley Spring 2-2","Capital",2021049317
"1601",2016-07-15,"Riley Spring 2-2","Capital",2021049317
"1602",2017-07-24,"Riley Spring 2-2","Capital",2021049317
"1603",2005-06-24,"Riley Spring 2-3","Capital",2021049317
"1604",2005-07-20,"Riley Spring 2-3","Capital",2021049317
"1605",2006-06-07,"Riley Spring 2-3","Capital",2021049317
"1606",2006-07-24,"Riley Spring 2-3","Capital",2021049317
"1607",2007-06-07,"Riley Spring 2-3","Capital",2021049317
"1608",2007-07-12,"Riley Spring 2-3","Capital",2021049317
"1609",2008-06-04,"Riley Spring 2-3","Capital",2021049317
"1610",2009-06-02,"Riley Spring 2-3","Capital",2021049317
"1611",2009-07-01,"Riley Spring 2-3","Capital",2021049317
"1612",2010-06-02,"Riley Spring 2-3","Capital",2021049317
"1613",2010-07-01,"Riley Spring 2-3","Capital",2021049317
"1614",2012-06-21,"Riley Spring 2-3","Capital",2021049317
"1615",2013-07-29,"Riley Spring 2-3","Capital",2021049317
"1616",2013-08-06,"Riley Spring 2-3","Capital",2021049317
"1617",2014-06-17,"Riley Spring 2-3","Capital",2021049317
"1618",2014-07-24,"Riley Spring 2-3","Capital",2021049317
"1619",2015-07-01,"Riley Spring 2-3","Capital",2021049317
"1620",2016-06-22,"Riley Spring 2-3","Capital",2021049317
"1621",2016-07-15,"Riley Spring 2-3","Capital",2021049317
"1622",2017-07-24,"Riley Spring 2-3","Capital",2021049317
"1623",2005-06-24,"Riley Spring 2-4","Capital",2021049317
"1624",2005-07-20,"Riley Spring 2-4","Capital",2021049317
"1625",2006-06-07,"Riley Spring 2-4","Capital",2021049317
"1626",2006-07-24,"Riley Spring 2-4","Capital",2021049317
"1627",2007-06-07,"Riley Spring 2-4","Capital",2021049317
"1628",2007-07-12,"Riley Spring 2-4","Capital",2021049317
"1629",2008-06-04,"Riley Spring 2-4","Capital",2021049317
"1630",2008-07-03,"Riley Spring 2-4","Capital",2021049317
"1631",2009-06-02,"Riley Spring 2-4","Capital",2021049317
"1632",2009-07-01,"Riley Spring 2-4","Capital",2021049317
"1633",2010-06-02,"Riley Spring 2-4","Capital",2021049317
"1634",2010-07-01,"Riley Spring 2-4","Capital",2021049317
"1635",2012-06-21,"Riley Spring 2-4","Capital",2021049317
"1636",2013-07-29,"Riley Spring 2-4","Capital",2021049317
"1637",2013-08-06,"Riley Spring 2-4","Capital",2021049317
"1638",2014-06-17,"Riley Spring 2-4","Capital",2021049317
"1639",2014-07-24,"Riley Spring 2-4","Capital",2021049317
"1640",2015-07-01,"Riley Spring 2-4","Capital",2021049317
"1641",2016-06-22,"Riley Spring 2-4","Capital",2021049317
"1642",2016-07-15,"Riley Spring 2-4","Capital",2021049317
"1643",2017-07-24,"Riley Spring 2-4","Capital",2021049317
"1644",2005-06-24,"West Spring-1","Capital",2021049984
"1645",2005-07-21,"West Spring-1","Capital",2021049984
"1646",2006-06-07,"West Spring-1","Capital",2021049984
"1647",2006-07-24,"West Spring-1","Capital",2021049984
"1648",2007-06-07,"West Spring-1","Capital",2021049984
"1649",2007-07-12,"West Spring-1","Capital",2021049984
"1650",2008-06-04,"West Spring-1","Capital",2021049984
"1651",2008-07-02,"West Spring-1","Capital",2021049984
"1652",2009-06-02,"West Spring-1","Capital",2021049984
"1653",2009-07-01,"West Spring-1","Capital",2021049984
"1654",2010-06-02,"West Spring-1","Capital",2021049984
"1655",2010-07-01,"West Spring-1","Capital",2021049984
"1656",2011-06-23,"West Spring-1","Capital",2021049984
"1657",2011-07-26,"West Spring-1","Capital",2021049984
"1658",2012-06-21,"West Spring-1","Capital",2021049984
"1659",2012-07-27,"West Spring-1","Capital",2021049984
"1660",2013-07-30,"West Spring-1","Capital",2021049984
"1661",2013-08-07,"West Spring-1","Capital",2021049984
"1662",2014-06-16,"West Spring-1","Capital",2021049984
"1663",2014-07-23,"West Spring-1","Capital",2021049984
"1664",2015-07-01,"West Spring-1","Capital",2021049984
"1665",2016-06-22,"West Spring-1","Capital",2021049984
"1666",2016-07-14,"West Spring-1","Capital",2021049984
"1667",2017-07-25,"West Spring-1","Capital",2021049984
"1668",2005-06-24,"West Spring-2","Capital",2021049984
"1669",2005-07-21,"West Spring-2","Capital",2021049984
"1670",2006-06-07,"West Spring-2","Capital",2021049984
"1671",2006-07-24,"West Spring-2","Capital",2021049984
"1672",2007-06-07,"West Spring-2","Capital",2021049984
"1673",2007-07-12,"West Spring-2","Capital",2021049984
"1674",2008-06-04,"West Spring-2","Capital",2021049984
"1675",2008-07-02,"West Spring-2","Capital",2021049984
"1676",2009-06-02,"West Spring-2","Capital",2021049984
"1677",2009-07-01,"West Spring-2","Capital",2021049984
"1678",2010-06-02,"West Spring-2","Capital",2021049984
"1679",2010-07-01,"West Spring-2","Capital",2021049984
"1680",2011-06-23,"West Spring-2","Capital",2021049984
"1681",2011-07-26,"West Spring-2","Capital",2021049984
"1682",2012-06-21,"West Spring-2","Capital",2021049984
"1683",2012-07-27,"West Spring-2","Capital",2021049984
"1684",2013-07-30,"West Spring-2","Capital",2021049984
"1685",2013-08-07,"West Spring-2","Capital",2021049984
"1686",2014-06-16,"West Spring-2","Capital",2021049984
"1687",2014-07-23,"West Spring-2","Capital",2021049984
"1688",2015-07-01,"West Spring-2","Capital",2021049984
"1689",2016-06-22,"West Spring-2","Capital",2021049984
"1690",2016-07-14,"West Spring-2","Capital",2021049984
"1691",2017-07-25,"West Spring-2","Capital",2021049984
"1692",2005-06-24,"West Spring-3","Capital",2021049984
"1693",2005-07-21,"West Spring-3","Capital",2021049984
"1694",2006-06-07,"West Spring-3","Capital",2021049984
"1695",2006-07-24,"West Spring-3","Capital",2021049984
"1696",2007-06-07,"West Spring-3","Capital",2021049984
"1697",2007-07-11,"West Spring-3","Capital",2021049984
"1698",2008-07-02,"West Spring-3","Capital",2021049984
"1699",2009-06-02,"West Spring-3","Capital",2021049984
"1700",2009-07-01,"West Spring-3","Capital",2021049984
"1701",2010-06-02,"West Spring-3","Capital",2021049984
"1702",2010-07-01,"West Spring-3","Capital",2021049984
"1703",2011-06-23,"West Spring-3","Capital",2021049984
"1704",2011-07-26,"West Spring-3","Capital",2021049984
"1705",2012-06-21,"West Spring-3","Capital",2021049984
"1706",2012-07-27,"West Spring-3","Capital",2021049984
"1707",2013-07-30,"West Spring-3","Capital",2021049984
"1708",2013-08-07,"West Spring-3","Capital",2021049984
"1709",2014-06-16,"West Spring-3","Capital",2021049984
"1710",2014-07-23,"West Spring-3","Capital",2021049984
"1711",2015-07-01,"West Spring-3","Capital",2021049984
"1712",2016-06-22,"West Spring-3","Capital",2021049984
"1713",2016-07-14,"West Spring-3","Capital",2021049984
"1714",2017-07-25,"West Spring-3","Capital",2021049984
"1715",2005-06-24,"West Spring-4","Capital",2021049984
"1716",2005-07-21,"West Spring-4","Capital",2021049984
"1717",2006-06-07,"West Spring-4","Capital",2021049984
"1718",2006-07-24,"West Spring-4","Capital",2021049984
"1719",2007-06-07,"West Spring-4","Capital",2021049984
"1720",2007-07-12,"West Spring-4","Capital",2021049984
"1721",2008-06-05,"West Spring-4","Capital",2021049984
"1722",2008-07-02,"West Spring-4","Capital",2021049984
"1723",2009-06-02,"West Spring-4","Capital",2021049984
"1724",2009-07-01,"West Spring-4","Capital",2021049984
"1725",2010-06-02,"West Spring-4","Capital",2021049984
"1726",2010-07-01,"West Spring-4","Capital",2021049984
"1727",2011-06-23,"West Spring-4","Capital",2021049984
"1728",2011-07-26,"West Spring-4","Capital",2021049984
"1729",2012-06-21,"West Spring-4","Capital",2021049984
"1730",2012-07-27,"West Spring-4","Capital",2021049984
"1731",2013-07-30,"West Spring-4","Capital",2021049984
"1732",2013-08-07,"West Spring-4","Capital",2021049984
"1733",2014-06-16,"West Spring-4","Capital",2021049984
"1734",2014-07-23,"West Spring-4","Capital",2021049984
"1735",2015-07-01,"West Spring-4","Capital",2021049984
"1736",2016-06-22,"West Spring-4","Capital",2021049984
"1737",2016-07-14,"West Spring-4","Capital",2021049984
"1738",2017-07-25,"West Spring-4","Capital",2021049984
"1739",2012-06-01,"Piney River Headwater 1","Shenandoah",2021058897
"1740",2012-06-04,"PRC1E","Shenandoah",2021058896
"1741",2012-06-04,"PRC2E","Shenandoah",2021059874
"1742",2012-06-05,"JRC1DS","Shenandoah",2021060032
"1743",2012-06-06,"PRC1WL","Shenandoah",2021058896
"1744",2012-06-06,"RRC1DS","Shenandoah",2021064768
"1745",2012-06-07,"NCC1W1","Shenandoah",2021065452
"1746",2012-06-07,"NCC1U2","Shenandoah",2021065382
"1747",2012-06-11,"HRC2EL","Shenandoah",2021062818
"1748",2012-06-11,"HRC2EU","Shenandoah",2021062408
"1749",2012-06-12,"PARC1SL","Shenandoah",2021061379
"1750",2012-06-12,"PARU2","Shenandoah",2021061379
"1751",2012-06-13,"BRC1WL","Shenandoah",2021071416
"1752",2012-06-14,"MRC2SU","Shenandoah",2021074305
"1753",2012-06-18,"BMT1U1","Shenandoah",2021081056
"1754",2012-06-19,"WRH1U1","Shenandoah",2021081491
"1755",2012-06-20,"RGH1U1","Shenandoah",2021081654
"1756",2012-06-21,"PR_xxxx","Shenandoah",2021058897
"1757",2012-06-26,"PRC3DS","Shenandoah",2021059874
"1758",2012-06-27,"MRC3ML","Shenandoah",2021074364
"1759",2012-07-02,"NFMTL2","Shenandoah",2021073775
"1760",2012-07-03,"RMRTS","Shenandoah",2021071311
"1761",2012-07-04,"RRC1EU","Shenandoah",2021064790
"1762",2012-07-09,"RRC4TL","Shenandoah",2021064784
"1763",2012-07-10,"HRMC2","Shenandoah",2021062953
"1764",2012-07-11,"BRC1EL","Shenandoah",2021071416
"1765",2012-07-11,"BRC1WL","Shenandoah",2021071416
"1766",2012-07-12,"PRC1EL","Shenandoah",2021058896
"1767",2012-07-25,"BRC1DS","Shenandoah",2021071416
"1768",2012-06-06,"RRC1EL","Shenandoah",2021064790
"1769",2012-06-06,"RRC1EU","Shenandoah",2021064790
"1770",2012-06-07,"NCC1W2","Shenandoah",2021065452
"1771",2012-06-07,"NCC1U1","Shenandoah",2021065382
"1772",2012-06-11,"HRC2WL","Shenandoah",2021062818
"1773",2012-06-11,"HRC2WU","Shenandoah",2021062407
"1774",2012-06-12,"PARC1NL","Shenandoah",2021061379
"1775",2012-06-12,"PARU1","Shenandoah",2021061379
"1776",2012-06-13,"BRC1EL","Shenandoah",2021071416
"1777",2012-06-13,"BRC1DS","Shenandoah",2021071416
"1778",2012-06-14,"MRC2SL","Shenandoah",2021074305
"1779",2012-06-14,"MRC2NL","Shenandoah",2021074306
"1780",2012-06-18,"BMT1U2","Shenandoah",2021081056
"1781",2012-06-19,"WRH1U2","Shenandoah",2021081491
"1782",2012-06-21,"MRC2T1",NA,NA
"1783",2012-06-22,"FireRoadSite","Shenandoah",2021064525
"1784",2012-06-25,"PR300",NA,NA
"1785",2012-06-25,"PR150","Shenandoah",2021058897
"1786",2012-06-26,"PRC3TL","Shenandoah",2021059874
"1787",2012-06-27,"MRC3TL",NA,NA
"1788",2012-07-02,"NFMTL1","Shenandoah",2021073775
"1789",2012-07-03,"RMRTN","Shenandoah",2021071311
"1790",2012-07-04,"RRC1EL","Shenandoah",2021064790
"1791",2012-07-09,"RRC4ML","Shenandoah",2021064784
"1792",2012-07-10,"HRMC1","Shenandoah",2021062953
"1793",2012-07-11,"BRC4ML","Shenandoah",2021071311
"1794",2012-07-11,"BRC4TL","Shenandoah",2021071311
"1795",2012-07-12,"PRC1WL","Shenandoah",2021058896
"1796",2012-07-13,"PRDS1K","Shenandoah",2021059874
"1797",2012-07-16,"PARC1NL","Shenandoah",2021061379
"1798",2012-07-16,"PARC1SL","Shenandoah",2021061379
"1799",2012-07-17,"RRC1DS","Shenandoah",2021064768
"1800",2012-07-17,"RRC1NM","Shenandoah",2021064767
"1801",2012-07-18,"MPC1DS","Shenandoah",2021065189
"1802",2012-07-23,"CCC1ML","Shenandoah",2021062652
"1803",2012-07-23,"CCC1TL","Shenandoah",2021062817
"1804",2012-07-24,"MRC1ML","Shenandoah",2021073980
"1805",2018-05-29,"PopLick","Savage River State Forest",2021041478
"1806",2018-05-30,"Alexander Run","Savage River State Forest",205386440
"1807",2018-06-07,"Alexander Run","Savage River State Forest",205386440
"1808",2018-06-07,"PopLick","Savage River State Forest",2021041478
"1809",2018-06-08,"ElkLick","Savage River State Forest",2021041507
"1810",2018-06-09,"Alexander Run","Savage River State Forest",205386440
"1811",2018-06-09,"PopLick","Savage River State Forest",2021041478
"1812",2018-06-19,"ElkLick","Savage River State Forest",2021041507
"1813",2018-06-20,"ElkLick","Savage River State Forest",2021041507
"1814",2018-06-21,"ElkLick","Savage River State Forest",2021041507
"1815",2018-06-21,"Mill","Savage River State Forest",2021042707
"1816",2018-06-25,"BlueLick","Savage River State Forest",2021040567
"1817",2018-06-25,"West Shale North","Savage River State Forest",205386772
"1818",2018-06-26,"BlueLick","Savage River State Forest",2021040567
"1819",2018-06-26,"ElkLick","Savage River State Forest",2021041507
"1820",2018-06-26,"Mill","Savage River State Forest",2021042707
"1821",2018-06-28,"Koch","Savage River State Forest",205388232
"1822",2018-06-29,"BlueLick","Savage River State Forest",2021040567
"1823",2018-06-29,"Mill","Savage River State Forest",2021042707
"1824",2018-07-03,"BlueLick","Savage River State Forest",2021040567
"1825",2018-07-05,"Koch","Savage River State Forest",205388232
"1826",2018-07-09,"Koch","Savage River State Forest",205388232
"1827",2018-07-10,"Koch","Savage River State Forest",205388232
"1828",2018-07-12,"Alexander Run","Savage River State Forest",205386440
"1829",2018-07-16,"Bowser-Dung Hill","Savage River State Forest",205387301
"1830",2018-07-18,"Bowser-Dung Hill","Savage River State Forest",205387301
"1831",2018-08-06,"ElkLick","Savage River State Forest",2021041507
"1832",2018-08-07,"ElkLick","Savage River State Forest",2021041507
"1833",2018-08-08,"ElkLick","Savage River State Forest",2021041507
"1834",2018-08-10,"Maynardier Ridge at Bear Hill","Savage River State Forest",205387966
