,date,transect,region,featureid
1,7/18/06,Camp 70-Yellow Creek0,Canaan,205398689
2,7/19/05,Camp 70-Yellow Creek0,Canaan,205398689
3,7/30/04,Camp 70-Yellow Creek0,Canaan,205398689
4,7/31/02,Camp 70-Yellow Creek0,Canaan,205398689
5,7/31/03,Camp 70-Yellow Creek0,Canaan,205398689
6,7/25/01,Cortland1,Canaan,205399857
7,7/18/05,Cortland2,Canaan,205399857
8,7/19/06,Cortland2,Canaan,205399857
9,7/30/02,Cortland2,Canaan,205399857
10,7/30/04,Cortland2,Canaan,205399857
11,7/31/03,Cortland2,Canaan,205399857
12,8/1/01,Cortland2,Canaan,205399857
13,7/19/05,Freeland Run1,Canaan,205401164
14,7/21/06,Freeland Run1,Canaan,205401164
15,7/24/01,Freeland Run1,Canaan,205401164
16,7/29/04,Freeland Run1,Canaan,205401164
17,7/30/03,Freeland Run1,Canaan,205401164
18,7/31/02,Freeland Run1,Canaan,205401164
19,7/12/05,Freeland Run2,Canaan,205401164
20,7/19/06,Freeland Run2,Canaan,205401164
21,7/24/01,Freeland Run2,Canaan,205401164
22,7/29/04,Freeland Run2,Canaan,205401164
23,7/30/03,Freeland Run2,Canaan,205401164
24,7/31/02,Freeland Run2,Canaan,205401164
25,7/11/05,Freeland Run3,Canaan,205400902
26,7/21/06,Freeland Run3,Canaan,205400902
27,7/25/01,Freeland Run3,Canaan,205400902
28,7/29/04,Freeland Run3,Canaan,205400902
29,7/31/02,Freeland Run3,Canaan,205400902
30,7/31/03,Freeland Run3,Canaan,205400902
31,7/15/05,Idleman's Run1,Canaan,205400805
32,7/18/06,Idleman's Run1,Canaan,205400805
33,7/23/01,Idleman's Run1,Canaan,205400805
34,7/28/04,Idleman's Run1,Canaan,205400805
35,7/30/02,Idleman's Run1,Canaan,205400805
36,7/30/03,Idleman's Run1,Canaan,205400805
37,7/15/05,Idleman's Run2,Canaan,205400805
38,7/18/06,Idleman's Run2,Canaan,205400805
39,7/23/01,Idleman's Run2,Canaan,205400805
40,7/28/04,Idleman's Run2,Canaan,205400805
41,7/30/02,Idleman's Run2,Canaan,205400805
42,7/30/03,Idleman's Run2,Canaan,205400805
43,7/18/05,Idleman's Run3,Canaan,205400805
44,7/19/06,Idleman's Run3,Canaan,205400805
45,7/24/01,Idleman's Run3,Canaan,205400805
46,7/28/04,Idleman's Run3,Canaan,205400805
47,7/30/02,Idleman's Run3,Canaan,205400805
48,7/31/03,Idleman's Run3,Canaan,205400805
49,7/5/05,COST21-1,Capital,2021047603
50,7/29/05,COST21-1,Capital,2021047603
51,6/13/06,COST21-1,Capital,2021047603
52,7/17/06,COST21-1,Capital,2021047603
53,6/5/07,COST21-1,Capital,2021047603
54,7/11/07,COST21-1,Capital,2021047603
55,6/2/08,COST21-1,Capital,2021047603
56,7/1/08,COST21-1,Capital,2021047603
57,6/3/09,COST21-1,Capital,2021047603
58,7/3/09,COST21-1,Capital,2021047603
59,6/4/10,COST21-1,Capital,2021047603
60,7/6/10,COST21-1,Capital,2021047603
61,6/22/11,COST21-1,Capital,2021047603
62,7/27/11,COST21-1,Capital,2021047603
63,6/22/12,COST21-1,Capital,2021047603
64,7/25/12,COST21-1,Capital,2021047603
65,6/28/13,COST21-1,Capital,2021047603
66,7/25/13,COST21-1,Capital,2021047603
67,7/22/14,COST21-1,Capital,2021047603
68,8/7/14,COST21-1,Capital,2021047603
69,6/30/15,COST21-1,Capital,2021047603
70,6/21/16,COST21-1,Capital,2021047603
71,7/26/16,COST21-1,Capital,2021047603
72,7/27/17,COST21-1,Capital,2021047603
73,7/5/05,COST21-2,Capital,2021047603
74,7/21/05,COST21-2,Capital,2021047603
75,6/13/06,COST21-2,Capital,2021047603
76,7/17/06,COST21-2,Capital,2021047603
77,6/5/07,COST21-2,Capital,2021047603
78,7/11/07,COST21-2,Capital,2021047603
79,6/2/08,COST21-2,Capital,2021047603
80,7/1/08,COST21-2,Capital,2021047603
81,6/3/09,COST21-2,Capital,2021047603
82,7/3/09,COST21-2,Capital,2021047603
83,6/4/10,COST21-2,Capital,2021047603
84,7/6/10,COST21-2,Capital,2021047603
85,6/22/11,COST21-2,Capital,2021047603
86,7/27/11,COST21-2,Capital,2021047603
87,6/22/12,COST21-2,Capital,2021047603
88,7/25/12,COST21-2,Capital,2021047603
89,6/28/13,COST21-2,Capital,2021047603
90,7/25/13,COST21-2,Capital,2021047603
91,7/22/14,COST21-2,Capital,2021047603
92,8/7/14,COST21-2,Capital,2021047603
93,6/30/15,COST21-2,Capital,2021047603
94,6/21/16,COST21-2,Capital,2021047603
95,7/26/16,COST21-2,Capital,2021047603
96,7/27/17,COST21-2,Capital,2021047603
97,7/5/05,COST21-3,Capital,2022348265
98,7/29/05,COST21-3,Capital,2022348265
99,6/13/06,COST21-3,Capital,2022348265
100,7/17/06,COST21-3,Capital,2022348265
101,6/5/07,COST21-3,Capital,2022348265
102,7/11/07,COST21-3,Capital,2022348265
103,6/2/08,COST21-3,Capital,2022348265
104,7/1/08,COST21-3,Capital,2022348265
105,6/3/09,COST21-3,Capital,2022348265
106,7/3/09,COST21-3,Capital,2022348265
107,6/4/10,COST21-3,Capital,2022348265
108,7/6/10,COST21-3,Capital,2022348265
109,6/22/11,COST21-3,Capital,2022348265
110,7/27/11,COST21-3,Capital,2022348265
111,6/22/12,COST21-3,Capital,2022348265
112,7/25/12,COST21-3,Capital,2022348265
113,6/28/13,COST21-3,Capital,2022348265
114,7/25/13,COST21-3,Capital,2022348265
115,7/22/14,COST21-3,Capital,2022348265
116,8/7/14,COST21-3,Capital,2022348265
117,6/30/15,COST21-3,Capital,2022348265
118,6/21/16,COST21-3,Capital,2022348265
119,7/26/16,COST21-3,Capital,2022348265
120,7/27/17,COST21-3,Capital,2022348265
121,7/5/05,COST21-4,Capital,2022348265
122,7/29/05,COST21-4,Capital,2022348265
123,6/13/06,COST21-4,Capital,2022348265
124,7/17/06,COST21-4,Capital,2022348265
125,6/5/07,COST21-4,Capital,2022348265
126,7/11/07,COST21-4,Capital,2022348265
127,6/2/08,COST21-4,Capital,2022348265
128,7/1/08,COST21-4,Capital,2022348265
129,6/3/09,COST21-4,Capital,2022348265
130,7/3/09,COST21-4,Capital,2022348265
131,6/4/10,COST21-4,Capital,2022348265
132,7/6/10,COST21-4,Capital,2022348265
133,6/22/11,COST21-4,Capital,2022348265
134,7/27/11,COST21-4,Capital,2022348265
135,6/22/12,COST21-4,Capital,2022348265
136,7/25/12,COST21-4,Capital,2022348265
137,6/28/13,COST21-4,Capital,2022348265
138,7/25/13,COST21-4,Capital,2022348265
139,7/22/14,COST21-4,Capital,2022348265
140,8/7/14,COST21-4,Capital,2022348265
141,6/30/15,COST21-4,Capital,2022348265
142,6/21/16,COST21-4,Capital,2022348265
143,7/26/16,COST21-4,Capital,2022348265
144,7/27/17,COST21-4,Capital,2022348265
145,7/5/05,COST22-1,Capital,2021049849
146,7/27/05,COST22-1,Capital,2021049849
147,6/13/06,COST22-1,Capital,2021049849
148,7/17/06,COST22-1,Capital,2021049849
149,6/5/07,COST22-1,Capital,2021049849
150,7/11/07,COST22-1,Capital,2021049849
151,6/2/08,COST22-1,Capital,2021049849
152,7/1/08,COST22-1,Capital,2021049849
153,6/1/09,COST22-1,Capital,2021049849
154,7/3/09,COST22-1,Capital,2021049849
155,6/4/10,COST22-1,Capital,2021049849
156,7/6/10,COST22-1,Capital,2021049849
157,6/22/11,COST22-1,Capital,2021049849
158,7/27/11,COST22-1,Capital,2021049849
159,6/22/12,COST22-1,Capital,2021049849
160,7/25/12,COST22-1,Capital,2021049849
161,6/28/13,COST22-1,Capital,2021049849
162,7/25/13,COST22-1,Capital,2021049849
163,7/22/14,COST22-1,Capital,2021049849
164,8/7/14,COST22-1,Capital,2021049849
165,6/30/15,COST22-1,Capital,2021049849
166,6/21/16,COST22-1,Capital,2021049849
167,7/26/16,COST22-1,Capital,2021049849
168,7/27/17,COST22-1,Capital,2021049849
169,7/5/05,COST22-2,Capital,2021047761
170,7/27/05,COST22-2,Capital,2021047761
171,6/13/06,COST22-2,Capital,2021047761
172,7/17/06,COST22-2,Capital,2021047761
173,6/5/07,COST22-2,Capital,2021047761
174,7/11/07,COST22-2,Capital,2021047761
175,6/2/08,COST22-2,Capital,2021047761
176,7/1/08,COST22-2,Capital,2021047761
177,6/1/09,COST22-2,Capital,2021047761
178,7/3/09,COST22-2,Capital,2021047761
179,6/4/10,COST22-2,Capital,2021047761
180,7/6/10,COST22-2,Capital,2021047761
181,6/22/11,COST22-2,Capital,2021047761
182,7/27/11,COST22-2,Capital,2021047761
183,6/22/12,COST22-2,Capital,2021047761
184,7/25/12,COST22-2,Capital,2021047761
185,6/28/13,COST22-2,Capital,2021047761
186,7/25/13,COST22-2,Capital,2021047761
187,7/22/14,COST22-2,Capital,2021047761
188,8/7/14,COST22-2,Capital,2021047761
189,6/30/15,COST22-2,Capital,2021047761
190,6/21/16,COST22-2,Capital,2021047761
191,7/26/16,COST22-2,Capital,2021047761
192,7/27/17,COST22-2,Capital,2021047761
193,7/5/05,COST22-3,Capital,2021047603
194,7/27/05,COST22-3,Capital,2021047603
195,6/13/06,COST22-3,Capital,2021047603
196,7/17/06,COST22-3,Capital,2021047603
197,6/5/07,COST22-3,Capital,2021047603
198,7/11/07,COST22-3,Capital,2021047603
199,7/1/08,COST22-3,Capital,2021047603
200,6/1/09,COST22-3,Capital,2021047603
201,7/3/09,COST22-3,Capital,2021047603
202,6/4/10,COST22-3,Capital,2021047603
203,7/6/10,COST22-3,Capital,2021047603
204,6/22/11,COST22-3,Capital,2021047603
205,7/27/11,COST22-3,Capital,2021047603
206,6/22/12,COST22-3,Capital,2021047603
207,7/25/12,COST22-3,Capital,2021047603
208,6/28/13,COST22-3,Capital,2021047603
209,7/25/13,COST22-3,Capital,2021047603
210,7/22/14,COST22-3,Capital,2021047603
211,8/7/14,COST22-3,Capital,2021047603
212,6/30/15,COST22-3,Capital,2021047603
213,6/21/16,COST22-3,Capital,2021047603
214,7/25/16,COST22-3,Capital,2021047603
215,7/27/17,COST22-3,Capital,2021047603
216,7/5/05,COST22-4,Capital,2021047603
217,7/27/05,COST22-4,Capital,2021047603
218,6/13/06,COST22-4,Capital,2021047603
219,7/17/06,COST22-4,Capital,2021047603
220,6/5/07,COST22-4,Capital,2021047603
221,7/11/07,COST22-4,Capital,2021047603
222,6/2/08,COST22-4,Capital,2021047603
223,7/1/08,COST22-4,Capital,2021047603
224,6/1/09,COST22-4,Capital,2021047603
225,7/3/09,COST22-4,Capital,2021047603
226,6/4/10,COST22-4,Capital,2021047603
227,7/6/10,COST22-4,Capital,2021047603
228,6/22/11,COST22-4,Capital,2021047603
229,7/27/11,COST22-4,Capital,2021047603
230,6/22/12,COST22-4,Capital,2021047603
231,7/25/12,COST22-4,Capital,2021047603
232,6/28/13,COST22-4,Capital,2021047603
233,7/25/13,COST22-4,Capital,2021047603
234,7/22/14,COST22-4,Capital,2021047603
235,8/7/14,COST22-4,Capital,2021047603
236,6/30/15,COST22-4,Capital,2021047603
237,6/21/16,COST22-4,Capital,2021047603
238,7/25/16,COST22-4,Capital,2021047603
239,7/27/17,COST22-4,Capital,2021047603
240,5/3/06,COST26 Tx1,Capital,2021049849
241,5/4/06,COST26 Tx1,Capital,2021049849
242,5/31/06,COST26 Tx1,Capital,2021049849
243,6/1/06,COST26 Tx1,Capital,2021049849
244,6/19/06,COST26 Tx1,Capital,2021049849
245,6/20/06,COST26 Tx1,Capital,2021049849
246,7/12/06,COST26 Tx1,Capital,2021049849
247,7/13/06,COST26 Tx1,Capital,2021049849
248,5/4/06,COST27 Tx2,Capital,2021049849
249,5/5/06,COST27 Tx2,Capital,2021049849
250,5/31/06,COST27 Tx2,Capital,2021049849
251,6/1/06,COST27 Tx2,Capital,2021049849
252,6/19/06,COST27 Tx2,Capital,2021049849
253,6/20/06,COST27 Tx2,Capital,2021049849
254,7/12/06,COST27 Tx2,Capital,2021049849
255,7/13/06,COST27 Tx2,Capital,2021049849
256,5/4/06,COST27 Tx3,Capital,2021049849
257,5/5/06,COST27 Tx3,Capital,2021049849
258,5/31/06,COST27 Tx3,Capital,2021049849
259,6/1/06,COST27 Tx3,Capital,2021049849
260,6/19/06,COST27 Tx3,Capital,2021049849
261,6/20/06,COST27 Tx3,Capital,2021049849
262,7/12/06,COST27 Tx3,Capital,2021049849
263,7/13/06,COST27 Tx3,Capital,2021049849
264,6/28/05,COST27-1,Capital,2021049849
265,7/25/05,COST27-1,Capital,2021049849
266,6/1/07,COST27-1,Capital,2021049849
267,7/10/07,COST27-1,Capital,2021049849
268,5/29/08,COST27-1,Capital,2021049849
269,6/30/08,COST27-1,Capital,2021049849
270,6/1/09,COST27-1,Capital,2021049849
271,7/3/09,COST27-1,Capital,2021049849
272,6/3/10,COST27-1,Capital,2021049849
273,7/6/10,COST27-1,Capital,2021049849
274,6/22/11,COST27-1,Capital,2021049849
275,7/25/11,COST27-1,Capital,2021049849
276,6/20/12,COST27-1,Capital,2021049849
277,7/25/12,COST27-1,Capital,2021049849
278,6/28/13,COST27-1,Capital,2021049849
279,7/25/13,COST27-1,Capital,2021049849
280,7/22/14,COST27-1,Capital,2021049849
281,8/6/14,COST27-1,Capital,2021049849
282,6/30/15,COST27-1,Capital,2021049849
283,6/20/16,COST27-1,Capital,2021049849
284,7/22/16,COST27-1,Capital,2021049849
285,7/27/17,COST27-1,Capital,2021049849
286,6/28/05,COST27-2,Capital,2021047761
287,7/25/05,COST27-2,Capital,2021047761
288,6/1/07,COST27-2,Capital,2021047761
289,7/10/07,COST27-2,Capital,2021047761
290,5/29/08,COST27-2,Capital,2021047761
291,6/30/08,COST27-2,Capital,2021047761
292,6/1/09,COST27-2,Capital,2021047761
293,7/3/09,COST27-2,Capital,2021047761
294,6/3/10,COST27-2,Capital,2021047761
295,7/6/10,COST27-2,Capital,2021047761
296,6/22/11,COST27-2,Capital,2021047761
297,7/25/11,COST27-2,Capital,2021047761
298,6/20/12,COST27-2,Capital,2021047761
299,7/25/12,COST27-2,Capital,2021047761
300,6/28/13,COST27-2,Capital,2021047761
301,7/25/13,COST27-2,Capital,2021047761
302,7/22/14,COST27-2,Capital,2021047761
303,8/6/14,COST27-2,Capital,2021047761
304,6/30/15,COST27-2,Capital,2021047761
305,6/20/16,COST27-2,Capital,2021047761
306,7/22/16,COST27-2,Capital,2021047761
307,7/27/17,COST27-2,Capital,2021047761
308,6/28/05,COST27-3,Capital,2021047761
309,6/1/09,COST27-3,Capital,2021047761
310,7/3/09,COST27-3,Capital,2021047761
311,6/3/10,COST27-3,Capital,2021047761
312,6/28/05,COST27/28-3,Capital,2021047761
313,7/25/05,COST27/28-3,Capital,2021047761
314,6/5/07,COST27/28-3,Capital,2021047761
315,7/10/07,COST27/28-3,Capital,2021047761
316,5/29/08,COST27/28-3,Capital,2021047761
317,7/1/08,COST27/28-3,Capital,2021047761
318,6/1/09,COST27/28-3,Capital,2021047761
319,7/3/09,COST27/28-3,Capital,2021047761
320,6/3/10,COST27/28-3,Capital,2021047761
321,6/22/11,COST27/28-3,Capital,2021047761
322,7/25/11,COST27/28-3,Capital,2021047761
323,6/20/12,COST27/28-3,Capital,2021047761
324,7/26/12,COST27/28-3,Capital,2021047761
325,6/28/13,COST27/28-3,Capital,2021047761
326,7/25/13,COST27/28-3,Capital,2021047761
327,7/22/14,COST27/28-3,Capital,2021047761
328,8/7/14,COST27/28-3,Capital,2021047761
329,6/30/15,COST27/28-3,Capital,2021047761
330,6/20/16,COST27/28-3,Capital,2021047761
331,7/25/16,COST27/28-3,Capital,2021047761
332,7/27/17,COST27/28-3,Capital,2021047761
333,6/28/05,COST27/28-4,Capital,2021047761
334,7/25/05,COST27/28-4,Capital,2021047761
335,6/5/07,COST27/28-4,Capital,2021047761
336,7/10/07,COST27/28-4,Capital,2021047761
337,5/29/08,COST27/28-4,Capital,2021047761
338,7/1/08,COST27/28-4,Capital,2021047761
339,6/1/09,COST27/28-4,Capital,2021047761
340,7/3/09,COST27/28-4,Capital,2021047761
341,6/3/10,COST27/28-4,Capital,2021047761
342,6/22/11,COST27/28-4,Capital,2021047761
343,7/25/11,COST27/28-4,Capital,2021047761
344,6/20/12,COST27/28-4,Capital,2021047761
345,7/26/12,COST27/28-4,Capital,2021047761
346,6/28/13,COST27/28-4,Capital,2021047761
347,7/25/13,COST27/28-4,Capital,2021047761
348,7/22/14,COST27/28-4,Capital,2021047761
349,8/7/14,COST27/28-4,Capital,2021047761
350,6/30/15,COST27/28-4,Capital,2021047761
351,6/20/16,COST27/28-4,Capital,2021047761
352,7/25/16,COST27/28-4,Capital,2021047761
353,7/27/17,COST27/28-4,Capital,2021047761
354,6/28/05,COST27/28-5,Capital,2021047761
355,7/25/05,COST27/28-5,Capital,2021047761
356,6/28/05,COST27/28-6,Capital,2021047761
357,7/25/05,COST27/28-6,Capital,2021047761
358,5/4/06,COST28 Tx4,Capital,2021049850
359,5/5/06,COST28 Tx4,Capital,2021049850
360,5/31/06,COST28 Tx4,Capital,2021049850
361,6/1/06,COST28 Tx4,Capital,2021049850
362,6/19/06,COST28 Tx4,Capital,2021049850
363,6/20/06,COST28 Tx4,Capital,2021049850
364,7/12/06,COST28 Tx4,Capital,2021049850
365,7/13/06,COST28 Tx4,Capital,2021049850
366,6/28/05,COST28-1,Capital,2021049850
367,7/25/05,COST28-1,Capital,2021049850
368,6/1/07,COST28-1,Capital,2021049850
369,7/11/07,COST28-1,Capital,2021049850
370,5/29/08,COST28-1,Capital,2021049850
371,7/1/08,COST28-1,Capital,2021049850
372,6/1/09,COST28-1,Capital,2021049850
373,7/3/09,COST28-1,Capital,2021049850
374,6/3/10,COST28-1,Capital,2021049850
375,7/6/10,COST28-1,Capital,2021049850
376,6/22/11,COST28-1,Capital,2021049850
377,7/25/11,COST28-1,Capital,2021049850
378,6/20/12,COST28-1,Capital,2021049850
379,7/26/12,COST28-1,Capital,2021049850
380,6/28/13,COST28-1,Capital,2021049850
381,7/25/13,COST28-1,Capital,2021049850
382,6/18/14,COST28-1,Capital,2021049850
383,8/6/14,COST28-1,Capital,2021049850
384,6/30/15,COST28-1,Capital,2021049850
385,6/20/16,COST28-1,Capital,2021049850
386,7/21/16,COST28-1,Capital,2021049850
387,7/27/17,COST28-1,Capital,2021049850
388,6/28/05,COST28-2,Capital,2021051806
389,7/25/05,COST28-2,Capital,2021051806
390,6/1/07,COST28-2,Capital,2021051806
391,7/11/07,COST28-2,Capital,2021051806
392,5/29/08,COST28-2,Capital,2021051806
393,7/1/08,COST28-2,Capital,2021051806
394,6/1/09,COST28-2,Capital,2021051806
395,7/3/09,COST28-2,Capital,2021051806
396,6/3/10,COST28-2,Capital,2021051806
397,7/6/10,COST28-2,Capital,2021051806
398,6/22/11,COST28-2,Capital,2021051806
399,7/25/11,COST28-2,Capital,2021051806
400,6/20/12,COST28-2,Capital,2021051806
401,7/26/12,COST28-2,Capital,2021051806
402,6/28/13,COST28-2,Capital,2021051806
403,7/25/13,COST28-2,Capital,2021051806
404,6/18/14,COST28-2,Capital,2021051806
405,8/6/14,COST28-2,Capital,2021051806
406,6/30/15,COST28-2,Capital,2021051806
407,6/20/16,COST28-2,Capital,2021051806
408,7/21/16,COST28-2,Capital,2021051806
409,7/27/17,COST28-2,Capital,2021051806
410,6/30/05,COST31-1,Capital,2021049849
411,7/26/05,COST31-1,Capital,2021049849
412,6/13/06,COST31-1,Capital,2021049849
413,7/14/06,COST31-1,Capital,2021049849
414,6/1/07,COST31-1,Capital,2021049849
415,7/10/07,COST31-1,Capital,2021049849
416,5/30/08,COST31-1,Capital,2021049849
417,6/30/08,COST31-1,Capital,2021049849
418,6/3/09,COST31-1,Capital,2021049849
419,7/3/09,COST31-1,Capital,2021049849
420,6/3/10,COST31-1,Capital,2021049849
421,7/1/10,COST31-1,Capital,2021049849
422,6/22/11,COST31-1,Capital,2021049849
423,7/25/11,COST31-1,Capital,2021049849
424,6/20/12,COST31-1,Capital,2021049849
425,7/26/12,COST31-1,Capital,2021049849
426,6/27/13,COST31-1,Capital,2021049849
427,8/2/13,COST31-1,Capital,2021049849
428,6/18/14,COST31-1,Capital,2021049849
429,8/1/14,COST31-1,Capital,2021049849
430,6/29/15,COST31-1,Capital,2021049849
431,6/20/16,COST31-1,Capital,2021049849
432,7/22/16,COST31-1,Capital,2021049849
433,7/26/17,COST31-1,Capital,2021049849
434,6/30/05,COST31-2,Capital,2021047824
435,7/26/05,COST31-2,Capital,2021047824
436,6/13/06,COST31-2,Capital,2021047824
437,7/14/06,COST31-2,Capital,2021047824
438,6/1/07,COST31-2,Capital,2021047824
439,7/10/07,COST31-2,Capital,2021047824
440,5/30/08,COST31-2,Capital,2021047824
441,6/30/08,COST31-2,Capital,2021047824
442,6/3/09,COST31-2,Capital,2021047824
443,7/3/09,COST31-2,Capital,2021047824
444,6/3/10,COST31-2,Capital,2021047824
445,7/7/10,COST31-2,Capital,2021047824
446,6/22/11,COST31-2,Capital,2021047824
447,7/25/11,COST31-2,Capital,2021047824
448,6/20/12,COST31-2,Capital,2021047824
449,7/26/12,COST31-2,Capital,2021047824
450,6/27/13,COST31-2,Capital,2021047824
451,8/2/13,COST31-2,Capital,2021047824
452,6/18/14,COST31-2,Capital,2021047824
453,8/1/14,COST31-2,Capital,2021047824
454,6/29/15,COST31-2,Capital,2021047824
455,6/20/16,COST31-2,Capital,2021047824
456,7/22/16,COST31-2,Capital,2021047824
457,7/26/17,COST31-2,Capital,2021047824
458,6/13/06,COST31-3,Capital,2021047824
459,7/14/06,COST31-3,Capital,2021047824
460,7/10/07,COST31-3,Capital,2021047824
461,6/30/08,COST31-3,Capital,2021047824
462,6/3/09,COST31-3,Capital,2021047824
463,7/3/09,COST31-3,Capital,2021047824
464,6/3/10,COST31-3,Capital,2021047824
465,7/7/10,COST31-3,Capital,2021047824
466,6/22/11,COST31-3,Capital,2021047824
467,7/25/11,COST31-3,Capital,2021047824
468,6/20/12,COST31-3,Capital,2021047824
469,7/26/12,COST31-3,Capital,2021047824
470,6/27/13,COST31-3,Capital,2021047824
471,8/2/13,COST31-3,Capital,2021047824
472,6/18/14,COST31-3,Capital,2021047824
473,8/1/14,COST31-3,Capital,2021047824
474,6/29/15,COST31-3,Capital,2021047824
475,6/20/16,COST31-3,Capital,2021047824
476,7/22/16,COST31-3,Capital,2021047824
477,7/26/17,COST31-3,Capital,2021047824
478,6/13/06,COST31-4,Capital,2021047824
479,7/14/06,COST31-4,Capital,2021047824
480,7/10/07,COST31-4,Capital,2021047824
481,6/30/08,COST31-4,Capital,2021047824
482,6/3/09,COST31-4,Capital,2021047824
483,7/3/09,COST31-4,Capital,2021047824
484,6/3/10,COST31-4,Capital,2021047824
485,7/7/10,COST31-4,Capital,2021047824
486,6/22/11,COST31-4,Capital,2021047824
487,7/25/11,COST31-4,Capital,2021047824
488,6/20/12,COST31-4,Capital,2021047824
489,7/26/12,COST31-4,Capital,2021047824
490,6/27/13,COST31-4,Capital,2021047824
491,8/2/13,COST31-4,Capital,2021047824
492,6/18/14,COST31-4,Capital,2021047824
493,8/1/14,COST31-4,Capital,2021047824
494,6/29/15,COST31-4,Capital,2021047824
495,6/20/16,COST31-4,Capital,2021047824
496,7/22/16,COST31-4,Capital,2021047824
497,7/26/17,COST31-4,Capital,2021047824
498,6/30/05,COST39-1,Capital,2021049849
499,7/26/05,COST39-1,Capital,2021049849
500,6/13/06,COST39-1,Capital,2021049849
501,7/14/06,COST39-1,Capital,2021049849
502,6/1/07,COST39-1,Capital,2021049849
503,7/10/07,COST39-1,Capital,2021049849
504,5/30/08,COST39-1,Capital,2021049849
505,6/30/08,COST39-1,Capital,2021049849
506,6/3/09,COST39-1,Capital,2021049849
507,7/3/09,COST39-1,Capital,2021049849
508,6/3/10,COST39-1,Capital,2021049849
509,7/7/10,COST39-1,Capital,2021049849
510,6/22/11,COST39-1,Capital,2021049849
511,7/25/11,COST39-1,Capital,2021049849
512,6/20/12,COST39-1,Capital,2021049849
513,7/26/12,COST39-1,Capital,2021049849
514,7/5/13,COST39-1,Capital,2021049849
515,8/2/13,COST39-1,Capital,2021049849
516,6/18/14,COST39-1,Capital,2021049849
517,8/5/14,COST39-1,Capital,2021049849
518,6/29/15,COST39-1,Capital,2021049849
519,6/20/16,COST39-1,Capital,2021049849
520,7/22/16,COST39-1,Capital,2021049849
521,7/26/17,COST39-1,Capital,2021049849
522,6/30/05,COST39-2,Capital,2021047824
523,7/26/05,COST39-2,Capital,2021047824
524,6/13/06,COST39-2,Capital,2021047824
525,7/14/06,COST39-2,Capital,2021047824
526,6/1/07,COST39-2,Capital,2021047824
527,7/10/07,COST39-2,Capital,2021047824
528,5/30/08,COST39-2,Capital,2021047824
529,6/30/08,COST39-2,Capital,2021047824
530,6/3/09,COST39-2,Capital,2021047824
531,7/3/09,COST39-2,Capital,2021047824
532,6/3/10,COST39-2,Capital,2021047824
533,7/6/10,COST39-2,Capital,2021047824
534,6/22/11,COST39-2,Capital,2021047824
535,7/25/11,COST39-2,Capital,2021047824
536,6/20/12,COST39-2,Capital,2021047824
537,7/26/12,COST39-2,Capital,2021047824
538,7/5/13,COST39-2,Capital,2021047824
539,8/2/13,COST39-2,Capital,2021047824
540,6/18/14,COST39-2,Capital,2021047824
541,8/5/14,COST39-2,Capital,2021047824
542,6/29/15,COST39-2,Capital,2021047824
543,6/20/16,COST39-2,Capital,2021047824
544,7/22/16,COST39-2,Capital,2021047824
545,7/26/17,COST39-2,Capital,2021047824
546,6/30/05,COST39-3,Capital,2021047824
547,7/26/05,COST39-3,Capital,2021047824
548,6/13/06,COST39-3,Capital,2021047824
549,7/14/06,COST39-3,Capital,2021047824
550,6/1/07,COST39-3,Capital,2021047824
551,7/10/07,COST39-3,Capital,2021047824
552,5/30/08,COST39-3,Capital,2021047824
553,6/30/08,COST39-3,Capital,2021047824
554,6/3/09,COST39-3,Capital,2021047824
555,7/3/09,COST39-3,Capital,2021047824
556,6/3/10,COST39-3,Capital,2021047824
557,7/7/10,COST39-3,Capital,2021047824
558,6/22/11,COST39-3,Capital,2021047824
559,7/25/11,COST39-3,Capital,2021047824
560,6/20/12,COST39-3,Capital,2021047824
561,7/26/12,COST39-3,Capital,2021047824
562,7/5/13,COST39-3,Capital,2021047824
563,8/2/13,COST39-3,Capital,2021047824
564,6/18/14,COST39-3,Capital,2021047824
565,8/5/14,COST39-3,Capital,2021047824
566,6/29/15,COST39-3,Capital,2021047824
567,6/20/16,COST39-3,Capital,2021047824
568,7/22/16,COST39-3,Capital,2021047824
569,7/26/17,COST39-3,Capital,2021047824
570,6/30/05,COST39-4,Capital,2021047824
571,7/26/05,COST39-4,Capital,2021047824
572,6/13/06,COST39-4,Capital,2021047824
573,7/14/06,COST39-4,Capital,2021047824
574,6/1/07,COST39-4,Capital,2021047824
575,7/10/07,COST39-4,Capital,2021047824
576,5/30/08,COST39-4,Capital,2021047824
577,6/30/08,COST39-4,Capital,2021047824
578,6/3/09,COST39-4,Capital,2021047824
579,7/3/09,COST39-4,Capital,2021047824
580,6/3/10,COST39-4,Capital,2021047824
581,7/7/10,COST39-4,Capital,2021047824
582,6/22/11,COST39-4,Capital,2021047824
583,7/25/11,COST39-4,Capital,2021047824
584,6/20/12,COST39-4,Capital,2021047824
585,7/26/12,COST39-4,Capital,2021047824
586,7/5/13,COST39-4,Capital,2021047824
587,8/2/13,COST39-4,Capital,2021047824
588,6/18/14,COST39-4,Capital,2021047824
589,8/5/14,COST39-4,Capital,2021047824
590,6/29/15,COST39-4,Capital,2021047824
591,6/20/16,COST39-4,Capital,2021047824
592,7/22/16,COST39-4,Capital,2021047824
593,7/26/17,COST39-4,Capital,2021047824
594,7/6/05,COST8-1,Capital,2021049066
595,7/29/05,COST8-1,Capital,2021049066
596,6/13/06,COST8-1,Capital,2021049066
597,7/14/06,COST8-1,Capital,2021049066
598,6/5/07,COST8-1,Capital,2021049066
599,7/11/07,COST8-1,Capital,2021049066
600,6/2/08,COST8-1,Capital,2021049066
601,7/2/08,COST8-1,Capital,2021049066
602,6/3/09,COST8-1,Capital,2021049066
603,7/3/09,COST8-1,Capital,2021049066
604,6/3/10,COST8-1,Capital,2021049066
605,7/6/10,COST8-1,Capital,2021049066
606,6/22/11,COST8-1,Capital,2021049066
607,7/25/11,COST8-1,Capital,2021049066
608,6/22/12,COST8-1,Capital,2021049066
609,7/25/12,COST8-1,Capital,2021049066
610,7/26/13,COST8-1,Capital,2021049066
611,8/9/13,COST8-1,Capital,2021049066
612,7/21/14,COST8-1,Capital,2021049066
613,8/6/14,COST8-1,Capital,2021049066
614,7/10/15,COST8-1,Capital,2021049066
615,6/21/16,COST8-1,Capital,2021049066
616,7/25/16,COST8-1,Capital,2021049066
617,7/28/17,COST8-1,Capital,2021049066
618,8/2/17,COST8-1,Capital,2021049066
619,7/6/05,COST8-2,Capital,2021047689
620,7/29/05,COST8-2,Capital,2021047689
621,6/13/06,COST8-2,Capital,2021047689
622,7/14/06,COST8-2,Capital,2021047689
623,6/5/07,COST8-2,Capital,2021047689
624,7/11/07,COST8-2,Capital,2021047689
625,6/2/08,COST8-2,Capital,2021047689
626,7/2/08,COST8-2,Capital,2021047689
627,6/3/09,COST8-2,Capital,2021047689
628,7/3/09,COST8-2,Capital,2021047689
629,6/3/10,COST8-2,Capital,2021047689
630,7/6/10,COST8-2,Capital,2021047689
631,6/22/11,COST8-2,Capital,2021047689
632,7/25/11,COST8-2,Capital,2021047689
633,6/22/12,COST8-2,Capital,2021047689
634,7/25/12,COST8-2,Capital,2021047689
635,7/26/13,COST8-2,Capital,2021047689
636,8/9/13,COST8-2,Capital,2021047689
637,7/21/14,COST8-2,Capital,2021047689
638,8/6/14,COST8-2,Capital,2021047689
639,7/10/15,COST8-2,Capital,2021047689
640,6/21/16,COST8-2,Capital,2021047689
641,7/25/16,COST8-2,Capital,2021047689
642,7/28/17,COST8-2,Capital,2021047689
643,8/2/17,COST8-2,Capital,2021047689
644,7/6/05,COST8-3,Capital,2021070538
645,7/29/05,COST8-3,Capital,2021070538
646,6/13/06,COST8-3,Capital,2021070538
647,7/14/06,COST8-3,Capital,2021070538
648,6/5/07,COST8-3,Capital,2021070538
649,7/11/07,COST8-3,Capital,2021070538
650,6/2/08,COST8-3,Capital,2021070538
651,7/2/08,COST8-3,Capital,2021070538
652,6/3/09,COST8-3,Capital,2021070538
653,7/3/09,COST8-3,Capital,2021070538
654,6/3/10,COST8-3,Capital,2021070538
655,7/6/10,COST8-3,Capital,2021070538
656,6/22/11,COST8-3,Capital,2021070538
657,7/25/11,COST8-3,Capital,2021070538
658,6/22/12,COST8-3,Capital,2021070538
659,7/25/12,COST8-3,Capital,2021070538
660,7/26/13,COST8-3,Capital,2021070538
661,8/9/13,COST8-3,Capital,2021070538
662,7/21/14,COST8-3,Capital,2021070538
663,8/6/14,COST8-3,Capital,2021070538
664,7/10/15,COST8-3,Capital,2021070538
665,6/21/16,COST8-3,Capital,2021070538
666,7/25/16,COST8-3,Capital,2021070538
667,7/28/17,COST8-3,Capital,2021070538
668,8/2/17,COST8-3,Capital,2021070538
669,7/6/05,COST8-4,Capital,2021047689
670,7/29/05,COST8-4,Capital,2021047689
671,6/13/06,COST8-4,Capital,2021047689
672,7/14/06,COST8-4,Capital,2021047689
673,6/5/07,COST8-4,Capital,2021047689
674,7/11/07,COST8-4,Capital,2021047689
675,6/2/08,COST8-4,Capital,2021047689
676,7/2/08,COST8-4,Capital,2021047689
677,6/3/09,COST8-4,Capital,2021047689
678,7/3/09,COST8-4,Capital,2021047689
679,6/3/10,COST8-4,Capital,2021047689
680,7/6/10,COST8-4,Capital,2021047689
681,6/22/11,COST8-4,Capital,2021047689
682,7/25/11,COST8-4,Capital,2021047689
683,6/22/12,COST8-4,Capital,2021047689
684,7/25/12,COST8-4,Capital,2021047689
685,7/26/13,COST8-4,Capital,2021047689
686,8/9/13,COST8-4,Capital,2021047689
687,7/21/14,COST8-4,Capital,2021047689
688,8/6/14,COST8-4,Capital,2021047689
689,7/10/15,COST8-4,Capital,2021047689
690,6/21/16,COST8-4,Capital,2021047689
691,7/25/16,COST8-4,Capital,2021047689
692,7/28/17,COST8-4,Capital,2021047689
693,8/2/17,COST8-4,Capital,2021047689
694,6/22/06,PRW101-1R,Capital,2021059967
695,7/19/06,PRW101-1R,Capital,2021059967
696,6/11/08,PRW101-1R,Capital,2021059967
697,7/16/08,PRW101-1R,Capital,2021059967
698,6/23/09,PRW101-1R,Capital,2021059967
699,7/21/09,PRW101-1R,Capital,2021059967
700,6/19/12,PRW101-1R,Capital,2021059967
701,6/26/13,PRW101-1R,Capital,2021059967
702,7/30/14,PRW101-1R,Capital,2021059967
703,6/22/06,PRW101-2L,Capital,2021059967
704,7/19/06,PRW101-2L,Capital,2021059967
705,6/11/08,PRW101-2L,Capital,2021059967
706,7/16/08,PRW101-2L,Capital,2021059967
707,6/23/09,PRW101-2L,Capital,2021059967
708,7/21/09,PRW101-2L,Capital,2021059967
709,6/19/12,PRW101-2L,Capital,2021059967
710,6/26/13,PRW101-2L,Capital,2021059967
711,7/30/14,PRW101-2L,Capital,2021059967
712,6/22/06,PRW101-3R,Capital,2021059967
713,7/19/06,PRW101-3R,Capital,2021059967
714,6/12/08,PRW101-3R,Capital,2021059967
715,7/16/08,PRW101-3R,Capital,2021059967
716,6/23/09,PRW101-3R,Capital,2021059967
717,7/21/09,PRW101-3R,Capital,2021059967
718,6/19/12,PRW101-3R,Capital,2021059967
719,6/26/13,PRW101-3R,Capital,2021059967
720,7/30/14,PRW101-3R,Capital,2021059967
721,6/22/06,PRW101-4L,Capital,2021059967
722,7/19/06,PRW101-4L,Capital,2021059967
723,6/12/08,PRW101-4L,Capital,2021059967
724,7/16/08,PRW101-4L,Capital,2021059967
725,6/23/09,PRW101-4L,Capital,2021059967
726,7/21/09,PRW101-4L,Capital,2021059967
727,6/19/12,PRW101-4L,Capital,2021059967
728,6/26/13,PRW101-4L,Capital,2021059967
729,7/30/14,PRW101-4L,Capital,2021059967
730,6/22/06,PRW114-1R,Capital,2021059671
731,7/18/06,PRW114-1R,Capital,2021059671
732,6/12/08,PRW114-1R,Capital,2021059671
733,7/16/08,PRW114-1R,Capital,2021059671
734,6/23/09,PRW114-1R,Capital,2021059671
735,7/21/09,PRW114-1R,Capital,2021059671
736,6/19/12,PRW114-1R,Capital,2021059671
737,6/26/13,PRW114-1R,Capital,2021059671
738,7/30/14,PRW114-1R,Capital,2021059671
739,6/22/06,PRW114-2L,Capital,2021059671
740,7/18/06,PRW114-2L,Capital,2021059671
741,6/12/08,PRW114-2L,Capital,2021059671
742,7/16/08,PRW114-2L,Capital,2021059671
743,6/23/09,PRW114-2L,Capital,2021059671
744,7/21/09,PRW114-2L,Capital,2021059671
745,6/19/12,PRW114-2L,Capital,2021059671
746,6/26/13,PRW114-2L,Capital,2021059671
747,7/30/14,PRW114-2L,Capital,2021059671
748,6/22/06,PRW114-3R,Capital,2021059671
749,7/18/06,PRW114-3R,Capital,2021059671
750,6/12/08,PRW114-3R,Capital,2021059671
751,7/16/08,PRW114-3R,Capital,2021059671
752,6/23/09,PRW114-3R,Capital,2021059671
753,7/21/09,PRW114-3R,Capital,2021059671
754,6/19/12,PRW114-3R,Capital,2021059671
755,6/26/13,PRW114-3R,Capital,2021059671
756,7/30/14,PRW114-3R,Capital,2021059671
757,6/22/06,PRW114-4L,Capital,2021059671
758,7/18/06,PRW114-4L,Capital,2021059671
759,6/12/08,PRW114-4L,Capital,2021059671
760,7/16/08,PRW114-4L,Capital,2021059671
761,6/23/09,PRW114-4L,Capital,2021059671
762,7/21/09,PRW114-4L,Capital,2021059671
763,6/19/12,PRW114-4L,Capital,2021059671
764,6/26/13,PRW114-4L,Capital,2021059671
765,7/30/14,PRW114-4L,Capital,2021059671
766,6/22/06,PRW127-1R,Capital,2021059967
767,7/18/06,PRW127-1R,Capital,2021059967
768,6/23/09,PRW127-1R,Capital,2021059967
769,7/21/09,PRW127-1R,Capital,2021059967
770,6/19/12,PRW127-1R,Capital,2021059967
771,6/25/13,PRW127-1R,Capital,2021059967
772,7/30/14,PRW127-1R,Capital,2021059967
773,7/27/16,PRW127-1R,Capital,2021059967
774,6/22/06,PRW127-2L,Capital,2021059967
775,7/18/06,PRW127-2L,Capital,2021059967
776,6/23/09,PRW127-2L,Capital,2021059967
777,7/21/09,PRW127-2L,Capital,2021059967
778,6/19/12,PRW127-2L,Capital,2021059967
779,6/25/13,PRW127-2L,Capital,2021059967
780,7/30/14,PRW127-2L,Capital,2021059967
781,7/27/16,PRW127-2L,Capital,2021059967
782,6/22/06,PRW127-3L,Capital,2021059967
783,7/18/06,PRW127-3L,Capital,2021059967
784,6/23/09,PRW127-3L,Capital,2021059967
785,7/21/09,PRW127-3L,Capital,2021059967
786,6/19/12,PRW127-3L,Capital,2021059967
787,6/25/13,PRW127-3L,Capital,2021059967
788,7/30/14,PRW127-3L,Capital,2021059967
789,7/27/16,PRW127-3L,Capital,2021059967
790,6/22/06,PRW127-4R,Capital,2021059967
791,7/18/06,PRW127-4R,Capital,2021059967
792,6/23/09,PRW127-4R,Capital,2021059967
793,7/21/09,PRW127-4R,Capital,2021059967
794,6/19/12,PRW127-4R,Capital,2021059967
795,6/25/13,PRW127-4R,Capital,2021059967
796,7/30/14,PRW127-4R,Capital,2021059967
797,7/27/16,PRW127-4R,Capital,2021059967
798,6/21/06,PRW146-1L,Capital,2021058819
799,7/10/06,PRW146-1L,Capital,2021058819
800,6/11/08,PRW146-1L,Capital,2021058819
801,7/15/08,PRW146-1L,Capital,2021058819
802,6/23/09,PRW146-1L,Capital,2021058819
803,7/20/09,PRW146-1L,Capital,2021058819
804,7/23/13,PRW146-1L,Capital,2021058819
805,7/1/14,PRW146-1L,Capital,2021058819
806,6/21/06,PRW146-2R,Capital,2021058819
807,7/10/06,PRW146-2R,Capital,2021058819
808,6/11/08,PRW146-2R,Capital,2021058819
809,7/15/08,PRW146-2R,Capital,2021058819
810,6/23/09,PRW146-2R,Capital,2021058819
811,7/20/09,PRW146-2R,Capital,2021058819
812,7/23/13,PRW146-2R,Capital,2021058819
813,7/1/14,PRW146-2R,Capital,2021058819
814,7/10/06,PRW146-A1,Capital,2021058819
815,7/10/06,PRW146-A2,Capital,2021058819
816,6/15/06,PRW157-1,Capital,2021059130
817,7/19/06,PRW157-1,Capital,2021059130
818,6/11/08,PRW157-1,Capital,2021059130
819,7/14/08,PRW157-1,Capital,2021059130
820,6/23/09,PRW157-1,Capital,2021059130
821,7/21/09,PRW157-1,Capital,2021059130
822,6/18/12,PRW157-1,Capital,2021059130
823,7/23/13,PRW157-1,Capital,2021059130
824,7/28/14,PRW157-1,Capital,2021059130
825,7/28/16,PRW157-1,Capital,2021059130
826,6/15/06,PRW157-2,Capital,2021059130
827,7/19/06,PRW157-2,Capital,2021059130
828,6/11/08,PRW157-2,Capital,2021059130
829,7/14/08,PRW157-2,Capital,2021059130
830,6/23/09,PRW157-2,Capital,2021059130
831,7/21/09,PRW157-2,Capital,2021059130
832,6/18/12,PRW157-2,Capital,2021059130
833,7/23/13,PRW157-2,Capital,2021059130
834,7/28/14,PRW157-2,Capital,2021059130
835,7/28/16,PRW157-2,Capital,2021059130
836,6/15/06,PRW157-3,Capital,2021059130
837,6/11/08,PRW157-3,Capital,2021059130
838,7/14/08,PRW157-3,Capital,2021059130
839,6/23/09,PRW157-3,Capital,2021059130
840,7/21/09,PRW157-3,Capital,2021059130
841,6/18/12,PRW157-3,Capital,2021059130
842,7/23/13,PRW157-3,Capital,2021059130
843,7/28/14,PRW157-3,Capital,2021059130
844,7/28/16,PRW157-3,Capital,2021059130
845,6/15/06,PRW157-4,Capital,2021059130
846,6/11/08,PRW157-4,Capital,2021059130
847,7/14/08,PRW157-4,Capital,2021059130
848,6/23/09,PRW157-4,Capital,2021059130
849,7/21/09,PRW157-4,Capital,2021059130
850,6/18/12,PRW157-4,Capital,2021059130
851,7/23/13,PRW157-4,Capital,2021059130
852,7/28/14,PRW157-4,Capital,2021059130
853,7/28/16,PRW157-4,Capital,2021059130
854,7/19/06,PRW157-A1,Capital,2021059130
855,7/19/06,PRW157-A2,Capital,2021059130
856,6/21/06,PRW172-1R,Capital,2021058819
857,7/10/06,PRW172-1R,Capital,2021058819
858,6/23/09,PRW172-1R,Capital,2021058819
859,7/23/13,PRW172-1R,Capital,2021058819
860,7/1/14,PRW172-1R,Capital,2021058819
861,6/21/06,PRW172-2L,Capital,2021058819
862,7/10/06,PRW172-2L,Capital,2021058819
863,6/23/09,PRW172-2L,Capital,2021058819
864,7/23/13,PRW172-2L,Capital,2021058819
865,7/1/14,PRW172-2L,Capital,2021058819
866,7/10/06,PRW172-A1,Capital,2021058819
867,7/10/06,PRW172-A2,Capital,2021058819
868,6/21/06,PRW226-1R,Capital,2021059761
869,7/11/06,PRW226-1R,Capital,2021059761
870,6/23/09,PRW226-1R,Capital,2021059761
871,7/21/09,PRW226-1R,Capital,2021059761
872,6/18/12,PRW226-1R,Capital,2021059761
873,7/23/13,PRW226-1R,Capital,2021059761
874,6/30/14,PRW226-1R,Capital,2021059761
875,7/27/16,PRW226-1R,Capital,2021059761
876,6/21/06,PRW226-2L,Capital,2021059761
877,7/11/06,PRW226-2L,Capital,2021059761
878,6/23/09,PRW226-2L,Capital,2021059761
879,7/21/09,PRW226-2L,Capital,2021059761
880,6/18/12,PRW226-2L,Capital,2021059761
881,7/23/13,PRW226-2L,Capital,2021059761
882,6/30/14,PRW226-2L,Capital,2021059761
883,7/27/16,PRW226-2L,Capital,2021059761
884,6/21/06,PRW226-3R,Capital,2021059761
885,6/23/09,PRW226-3R,Capital,2021059761
886,7/21/09,PRW226-3R,Capital,2021059761
887,6/18/12,PRW226-3R,Capital,2021059761
888,6/26/13,PRW226-3R,Capital,2021059761
889,6/30/14,PRW226-3R,Capital,2021059761
890,7/27/16,PRW226-3R,Capital,2021059761
891,6/21/06,PRW226-4L,Capital,2021059761
892,6/23/09,PRW226-4L,Capital,2021059761
893,7/21/09,PRW226-4L,Capital,2021059761
894,6/18/12,PRW226-4L,Capital,2021059761
895,6/26/13,PRW226-4L,Capital,2021059761
896,6/30/14,PRW226-4L,Capital,2021059761
897,7/27/16,PRW226-4L,Capital,2021059761
898,7/11/06,PRW226-A1,Capital,2021059761
899,7/11/06,PRW226-A2,Capital,2021059761
900,6/21/06,PRW227-1L,Capital,2021059761
901,7/11/06,PRW227-1L,Capital,2021059761
902,6/23/09,PRW227-1L,Capital,2021059761
903,7/21/09,PRW227-1L,Capital,2021059761
904,6/18/12,PRW227-1L,Capital,2021059761
905,8/1/13,PRW227-1L,Capital,2021059761
906,6/30/14,PRW227-1L,Capital,2021059761
907,7/28/16,PRW227-1L,Capital,2021059761
908,6/21/06,PRW227-2R,Capital,2021059761
909,7/11/06,PRW227-2R,Capital,2021059761
910,6/23/09,PRW227-2R,Capital,2021059761
911,7/21/09,PRW227-2R,Capital,2021059761
912,6/18/12,PRW227-2R,Capital,2021059761
913,8/1/13,PRW227-2R,Capital,2021059761
914,6/30/14,PRW227-2R,Capital,2021059761
915,7/28/16,PRW227-2R,Capital,2021059761
916,6/21/06,PRW227-3L,Capital,2021059761
917,6/23/09,PRW227-3L,Capital,2021059761
918,7/21/09,PRW227-3L,Capital,2021059761
919,6/18/12,PRW227-3L,Capital,2021059761
920,8/1/13,PRW227-3L,Capital,2021059761
921,6/30/14,PRW227-3L,Capital,2021059761
922,7/28/16,PRW227-3L,Capital,2021059761
923,6/21/06,PRW227-4L,Capital,2021059761
924,6/23/09,PRW227-4L,Capital,2021059761
925,7/21/09,PRW227-4L,Capital,2021059761
926,6/18/12,PRW227-4L,Capital,2021059761
927,8/1/13,PRW227-4L,Capital,2021059761
928,6/30/14,PRW227-4L,Capital,2021059761
929,7/28/16,PRW227-4L,Capital,2021059761
930,7/11/06,PRW227-A1,Capital,2021059761
931,7/11/06,PRW227-A2,Capital,2021059761
932,6/23/06,PRW247-1R,Capital,2021059761
933,7/10/06,PRW247-1R,Capital,2021059761
934,6/12/08,PRW247-1R,Capital,2021059761
935,7/17/08,PRW247-1R,Capital,2021059761
936,6/22/09,PRW247-1R,Capital,2021059761
937,7/21/09,PRW247-1R,Capital,2021059761
938,6/19/12,PRW247-1R,Capital,2021059761
939,7/23/12,PRW247-1R,Capital,2021059761
940,7/24/13,PRW247-1R,Capital,2021059761
941,7/29/14,PRW247-1R,Capital,2021059761
942,6/23/06,PRW247-2L,Capital,2021059761
943,7/10/06,PRW247-2L,Capital,2021059761
944,6/12/08,PRW247-2L,Capital,2021059761
945,7/17/08,PRW247-2L,Capital,2021059761
946,6/22/09,PRW247-2L,Capital,2021059761
947,7/21/09,PRW247-2L,Capital,2021059761
948,6/19/12,PRW247-2L,Capital,2021059761
949,7/23/12,PRW247-2L,Capital,2021059761
950,7/24/13,PRW247-2L,Capital,2021059761
951,7/29/14,PRW247-2L,Capital,2021059761
952,6/23/06,PRW247-3R,Capital,2021059761
953,7/10/06,PRW247-3R,Capital,2021059761
954,6/12/08,PRW247-3R,Capital,2021059761
955,7/17/08,PRW247-3R,Capital,2021059761
956,6/22/09,PRW247-3R,Capital,2021059761
957,7/21/09,PRW247-3R,Capital,2021059761
958,6/19/12,PRW247-3R,Capital,2021059761
959,7/23/12,PRW247-3R,Capital,2021059761
960,7/24/13,PRW247-3R,Capital,2021059761
961,7/29/14,PRW247-3R,Capital,2021059761
962,6/23/06,PRW247-4L,Capital,2021059761
963,7/10/06,PRW247-4L,Capital,2021059761
964,6/12/08,PRW247-4L,Capital,2021059761
965,7/17/08,PRW247-4L,Capital,2021059761
966,6/22/09,PRW247-4L,Capital,2021059761
967,7/21/09,PRW247-4L,Capital,2021059761
968,6/19/12,PRW247-4L,Capital,2021059761
969,7/23/12,PRW247-4L,Capital,2021059761
970,7/24/13,PRW247-4L,Capital,2021059761
971,7/29/14,PRW247-4L,Capital,2021059761
972,6/14/06,PRW262-1,Capital,2021059719
973,7/10/06,PRW262-1,Capital,2021059719
974,6/10/08,PRW262-1,Capital,2021059719
975,7/14/08,PRW262-1,Capital,2021059719
976,6/22/09,PRW262-1,Capital,2021059719
977,7/21/09,PRW262-1,Capital,2021059719
978,6/18/12,PRW262-1,Capital,2021059719
979,7/23/12,PRW262-1,Capital,2021059719
980,7/22/13,PRW262-1,Capital,2021059719
981,7/29/14,PRW262-1,Capital,2021059719
982,7/26/16,PRW262-1,Capital,2021059719
983,6/14/06,PRW262-2,Capital,2021059719
984,7/10/06,PRW262-2,Capital,2021059719
985,6/10/08,PRW262-2,Capital,2021059719
986,7/14/08,PRW262-2,Capital,2021059719
987,6/22/09,PRW262-2,Capital,2021059719
988,7/21/09,PRW262-2,Capital,2021059719
989,6/18/12,PRW262-2,Capital,2021059719
990,7/23/12,PRW262-2,Capital,2021059719
991,7/22/13,PRW262-2,Capital,2021059719
992,7/29/14,PRW262-2,Capital,2021059719
993,7/26/16,PRW262-2,Capital,2021059719
994,6/14/06,PRW262-3,Capital,2021059719
995,7/10/06,PRW262-3,Capital,2021059719
996,6/10/08,PRW262-3,Capital,2021059719
997,7/14/08,PRW262-3,Capital,2021059719
998,6/22/09,PRW262-3,Capital,2021059719
999,7/21/09,PRW262-3,Capital,2021059719
1000,6/18/12,PRW262-3,Capital,2021059719
1001,7/23/12,PRW262-3,Capital,2021059719
1002,7/22/13,PRW262-3,Capital,2021059719
1003,7/29/14,PRW262-3,Capital,2021059719
1004,7/26/16,PRW262-3,Capital,2021059719
1005,6/14/06,PRW262-4,Capital,2021059719
1006,7/10/06,PRW262-4,Capital,2021059719
1007,6/10/08,PRW262-4,Capital,2021059719
1008,7/14/08,PRW262-4,Capital,2021059719
1009,6/22/09,PRW262-4,Capital,2021059719
1010,7/21/09,PRW262-4,Capital,2021059719
1011,6/18/12,PRW262-4,Capital,2021059719
1012,7/23/12,PRW262-4,Capital,2021059719
1013,7/22/13,PRW262-4,Capital,2021059719
1014,7/29/14,PRW262-4,Capital,2021059719
1015,7/26/16,PRW262-4,Capital,2021059719
1016,6/14/06,PRW263-1,Capital,2021059719
1017,7/19/06,PRW263-1,Capital,2021059719
1018,6/10/08,PRW263-1,Capital,2021059719
1019,7/16/08,PRW263-1,Capital,2021059719
1020,6/22/09,PRW263-1,Capital,2021059719
1021,7/21/09,PRW263-1,Capital,2021059719
1022,6/18/12,PRW263-1,Capital,2021059719
1023,7/23/12,PRW263-1,Capital,2021059719
1024,7/22/13,PRW263-1,Capital,2021059719
1025,7/29/14,PRW263-1,Capital,2021059719
1026,7/26/16,PRW263-1,Capital,2021059719
1027,6/14/06,PRW263-2,Capital,2021059719
1028,7/19/06,PRW263-2,Capital,2021059719
1029,6/10/08,PRW263-2,Capital,2021059719
1030,7/16/08,PRW263-2,Capital,2021059719
1031,6/22/09,PRW263-2,Capital,2021059719
1032,7/21/09,PRW263-2,Capital,2021059719
1033,6/18/12,PRW263-2,Capital,2021059719
1034,7/23/12,PRW263-2,Capital,2021059719
1035,7/22/13,PRW263-2,Capital,2021059719
1036,7/29/14,PRW263-2,Capital,2021059719
1037,7/26/16,PRW263-2,Capital,2021059719
1038,6/14/06,PRW263-3,Capital,2021059719
1039,6/10/08,PRW263-3,Capital,2021059719
1040,7/16/08,PRW263-3,Capital,2021059719
1041,6/22/09,PRW263-3,Capital,2021059719
1042,7/21/09,PRW263-3,Capital,2021059719
1043,6/18/12,PRW263-3,Capital,2021059719
1044,7/23/12,PRW263-3,Capital,2021059719
1045,7/22/13,PRW263-3,Capital,2021059719
1046,7/29/14,PRW263-3,Capital,2021059719
1047,7/26/16,PRW263-3,Capital,2021059719
1048,6/14/06,PRW263-4,Capital,2021059719
1049,6/10/08,PRW263-4,Capital,2021059719
1050,7/16/08,PRW263-4,Capital,2021059719
1051,6/22/09,PRW263-4,Capital,2021059719
1052,7/21/09,PRW263-4,Capital,2021059719
1053,6/18/12,PRW263-4,Capital,2021059719
1054,7/23/12,PRW263-4,Capital,2021059719
1055,7/22/13,PRW263-4,Capital,2021059719
1056,7/29/14,PRW263-4,Capital,2021059719
1057,7/26/16,PRW263-4,Capital,2021059719
1058,7/19/06,PRW263-A1,Capital,2021059719
1059,7/19/06,PRW263-A2,Capital,2021059719
1060,6/22/06,PRW301-1R,Capital,2021059719
1061,7/19/06,PRW301-1R,Capital,2021059719
1062,6/13/08,PRW301-1R,Capital,2021059719
1063,7/18/08,PRW301-1R,Capital,2021059719
1064,6/23/09,PRW301-1R,Capital,2021059719
1065,7/20/09,PRW301-1R,Capital,2021059719
1066,7/24/12,PRW301-1R,Capital,2021059719
1067,7/24/13,PRW301-1R,Capital,2021059719
1068,7/2/14,PRW301-1R,Capital,2021059719
1069,6/22/06,PRW301-2L,Capital,2021059719
1070,7/19/06,PRW301-2L,Capital,2021059719
1071,6/13/08,PRW301-2L,Capital,2021059719
1072,7/18/08,PRW301-2L,Capital,2021059719
1073,6/23/09,PRW301-2L,Capital,2021059719
1074,7/20/09,PRW301-2L,Capital,2021059719
1075,7/24/12,PRW301-2L,Capital,2021059719
1076,7/24/13,PRW301-2L,Capital,2021059719
1077,7/2/14,PRW301-2L,Capital,2021059719
1078,6/22/06,PRW301-3R,Capital,2021059719
1079,7/19/06,PRW301-3R,Capital,2021059719
1080,6/13/08,PRW301-3R,Capital,2021059719
1081,7/18/08,PRW301-3R,Capital,2021059719
1082,6/23/09,PRW301-3R,Capital,2021059719
1083,7/20/09,PRW301-3R,Capital,2021059719
1084,7/24/12,PRW301-3R,Capital,2021059719
1085,7/24/13,PRW301-3R,Capital,2021059719
1086,7/2/14,PRW301-3R,Capital,2021059719
1087,6/22/06,PRW301-4L,Capital,2021059719
1088,7/19/06,PRW301-4L,Capital,2021059719
1089,6/13/08,PRW301-4L,Capital,2021059719
1090,7/18/08,PRW301-4L,Capital,2021059719
1091,6/23/09,PRW301-4L,Capital,2021059719
1092,7/20/09,PRW301-4L,Capital,2021059719
1093,7/24/12,PRW301-4L,Capital,2021059719
1094,7/24/13,PRW301-4L,Capital,2021059719
1095,7/2/14,PRW301-4L,Capital,2021059719
1096,6/23/06,PRW314-1R,Capital,2021059719
1097,7/11/06,PRW314-1R,Capital,2021059719
1098,6/24/09,PRW314-1R,Capital,2021059719
1099,7/20/09,PRW314-1R,Capital,2021059719
1100,7/24/12,PRW314-1R,Capital,2021059719
1101,8/1/13,PRW314-1R,Capital,2021059719
1102,7/31/14,PRW314-1R,Capital,2021059719
1103,6/23/06,PRW314-2L,Capital,2021059719
1104,7/11/06,PRW314-2L,Capital,2021059719
1105,6/24/09,PRW314-2L,Capital,2021059719
1106,7/20/09,PRW314-2L,Capital,2021059719
1107,7/24/12,PRW314-2L,Capital,2021059719
1108,8/1/13,PRW314-2L,Capital,2021059719
1109,7/31/14,PRW314-2L,Capital,2021059719
1110,6/23/06,PRW314-3L,Capital,2021059719
1111,7/11/06,PRW314-3L,Capital,2021059719
1112,8/1/13,PRW314-3L,Capital,2021059719
1113,7/31/14,PRW314-3L,Capital,2021059719
1114,6/23/06,PRW314-4R,Capital,2021059719
1115,7/11/06,PRW314-4R,Capital,2021059719
1116,8/1/13,PRW314-4R,Capital,2021059719
1117,7/31/14,PRW314-4R,Capital,2021059719
1118,6/23/06,PRW315-1L,Capital,2021059719
1119,7/11/06,PRW315-1L,Capital,2021059719
1120,6/24/09,PRW315-1L,Capital,2021059719
1121,7/20/09,PRW315-1L,Capital,2021059719
1122,7/24/12,PRW315-1L,Capital,2021059719
1123,8/1/13,PRW315-1L,Capital,2021059719
1124,7/31/14,PRW315-1L,Capital,2021059719
1125,6/23/06,PRW315-2R,Capital,2021059719
1126,7/11/06,PRW315-2R,Capital,2021059719
1127,6/24/09,PRW315-2R,Capital,2021059719
1128,7/20/09,PRW315-2R,Capital,2021059719
1129,7/24/12,PRW315-2R,Capital,2021059719
1130,8/1/13,PRW315-2R,Capital,2021059719
1131,7/31/14,PRW315-2R,Capital,2021059719
1132,6/23/06,PRW315-3L,Capital,2021059719
1133,7/11/06,PRW315-3L,Capital,2021059719
1134,6/24/09,PRW315-3L,Capital,2021059719
1135,7/24/12,PRW315-3L,Capital,2021059719
1136,8/1/13,PRW315-3L,Capital,2021059719
1137,7/31/14,PRW315-3L,Capital,2021059719
1138,6/23/06,PRW315-4R,Capital,2021059719
1139,6/24/09,PRW315-4R,Capital,2021059719
1140,7/24/12,PRW315-4R,Capital,2021059719
1141,8/1/13,PRW315-4R,Capital,2021059719
1142,7/31/14,PRW315-4R,Capital,2021059719
1143,6/22/06,PRW331-1R,Capital,2021059719
1144,7/19/06,PRW331-1R,Capital,2021059719
1145,6/13/08,PRW331-1R,Capital,2021059719
1146,7/17/08,PRW331-1R,Capital,2021059719
1147,6/24/09,PRW331-1R,Capital,2021059719
1148,7/20/09,PRW331-1R,Capital,2021059719
1149,7/24/12,PRW331-1R,Capital,2021059719
1150,7/24/13,PRW331-1R,Capital,2021059719
1151,7/2/14,PRW331-1R,Capital,2021059719
1152,6/22/06,PRW331-2L,Capital,2021059719
1153,7/19/06,PRW331-2L,Capital,2021059719
1154,6/13/08,PRW331-2L,Capital,2021059719
1155,7/18/08,PRW331-2L,Capital,2021059719
1156,6/24/09,PRW331-2L,Capital,2021059719
1157,7/20/09,PRW331-2L,Capital,2021059719
1158,7/24/12,PRW331-2L,Capital,2021059719
1159,7/24/13,PRW331-2L,Capital,2021059719
1160,7/2/14,PRW331-2L,Capital,2021059719
1161,6/22/06,PRW331-3L,Capital,2021059719
1162,7/19/06,PRW331-3L,Capital,2021059719
1163,6/13/08,PRW331-3L,Capital,2021059719
1164,7/18/08,PRW331-3L,Capital,2021059719
1165,6/24/09,PRW331-3L,Capital,2021059719
1166,7/20/09,PRW331-3L,Capital,2021059719
1167,7/24/12,PRW331-3L,Capital,2021059719
1168,7/24/13,PRW331-3L,Capital,2021059719
1169,7/2/14,PRW331-3L,Capital,2021059719
1170,6/22/06,PRW331-4L,Capital,2021059719
1171,7/19/06,PRW331-4L,Capital,2021059719
1172,6/13/08,PRW331-4L,Capital,2021059719
1173,7/18/08,PRW331-4L,Capital,2021059719
1174,6/24/09,PRW331-4L,Capital,2021059719
1175,7/20/09,PRW331-4L,Capital,2021059719
1176,7/24/12,PRW331-4L,Capital,2021059719
1177,7/24/13,PRW331-4L,Capital,2021059719
1178,7/2/14,PRW331-4L,Capital,2021059719
1179,6/15/06,PRW370-1,Capital,2021059995
1180,7/18/06,PRW370-1,Capital,2021059995
1181,6/24/09,PRW370-1,Capital,2021059995
1182,7/21/09,PRW370-1,Capital,2021059995
1183,6/18/12,PRW370-1,Capital,2021059995
1184,6/24/13,PRW370-1,Capital,2021059995
1185,7/31/14,PRW370-1,Capital,2021059995
1186,6/15/06,PRW370-2,Capital,2021059995
1187,7/18/06,PRW370-2,Capital,2021059995
1188,6/24/09,PRW370-2,Capital,2021059995
1189,7/21/09,PRW370-2,Capital,2021059995
1190,6/18/12,PRW370-2,Capital,2021059995
1191,6/24/13,PRW370-2,Capital,2021059995
1192,7/31/14,PRW370-2,Capital,2021059995
1193,6/15/06,PRW370-3,Capital,2021059995
1194,7/18/06,PRW370-3,Capital,2021059995
1195,6/24/09,PRW370-3,Capital,2021059995
1196,6/18/12,PRW370-3,Capital,2021059995
1197,6/24/13,PRW370-3,Capital,2021059995
1198,7/31/14,PRW370-3,Capital,2021059995
1199,6/15/06,PRW370-4,Capital,2021059995
1200,7/18/06,PRW370-4,Capital,2021059995
1201,6/24/09,PRW370-4,Capital,2021059995
1202,6/18/12,PRW370-4,Capital,2021059995
1203,6/24/13,PRW370-4,Capital,2021059995
1204,7/31/14,PRW370-4,Capital,2021059995
1205,6/15/06,PRW371-1,Capital,2021059995
1206,7/18/06,PRW371-1,Capital,2021059995
1207,6/12/08,PRW371-1,Capital,2021059995
1208,7/15/08,PRW371-1,Capital,2021059995
1209,6/24/09,PRW371-1,Capital,2021059995
1210,7/21/09,PRW371-1,Capital,2021059995
1211,6/18/12,PRW371-1,Capital,2021059995
1212,6/24/13,PRW371-1,Capital,2021059995
1213,7/31/14,PRW371-1,Capital,2021059995
1214,6/15/06,PRW371-2,Capital,2021059995
1215,7/18/06,PRW371-2,Capital,2021059995
1216,6/12/08,PRW371-2,Capital,2021059995
1217,7/15/08,PRW371-2,Capital,2021059995
1218,6/24/09,PRW371-2,Capital,2021059995
1219,7/21/09,PRW371-2,Capital,2021059995
1220,6/18/12,PRW371-2,Capital,2021059995
1221,6/24/13,PRW371-2,Capital,2021059995
1222,7/31/14,PRW371-2,Capital,2021059995
1223,6/15/06,PRW371-3,Capital,2021059995
1224,7/18/06,PRW371-3,Capital,2021059995
1225,6/12/08,PRW371-3,Capital,2021059995
1226,7/15/08,PRW371-3,Capital,2021059995
1227,6/24/09,PRW371-3,Capital,2021059995
1228,6/18/12,PRW371-3,Capital,2021059995
1229,6/24/13,PRW371-3,Capital,2021059995
1230,7/31/14,PRW371-3,Capital,2021059995
1231,6/15/06,PRW371-4,Capital,2021059995
1232,7/18/06,PRW371-4,Capital,2021059995
1233,6/12/08,PRW371-4,Capital,2021059995
1234,7/15/08,PRW371-4,Capital,2021059995
1235,6/24/09,PRW371-4,Capital,2021059995
1236,6/18/12,PRW371-4,Capital,2021059995
1237,6/24/13,PRW371-4,Capital,2021059995
1238,7/31/14,PRW371-4,Capital,2021059995
1239,6/22/06,PRW424-1L,Capital,2021059967
1240,7/18/06,PRW424-1L,Capital,2021059967
1241,7/17/08,PRW424-1L,Capital,2021059967
1242,6/24/09,PRW424-1L,Capital,2021059967
1243,7/21/09,PRW424-1L,Capital,2021059967
1244,6/19/12,PRW424-1L,Capital,2021059967
1245,6/25/13,PRW424-1L,Capital,2021059967
1246,7/28/14,PRW424-1L,Capital,2021059967
1247,7/27/16,PRW424-1L,Capital,2021059967
1248,6/22/06,PRW424-2R,Capital,2021059967
1249,7/18/06,PRW424-2R,Capital,2021059967
1250,7/17/08,PRW424-2R,Capital,2021059967
1251,6/24/09,PRW424-2R,Capital,2021059967
1252,7/21/09,PRW424-2R,Capital,2021059967
1253,6/19/12,PRW424-2R,Capital,2021059967
1254,6/25/13,PRW424-2R,Capital,2021059967
1255,7/28/14,PRW424-2R,Capital,2021059967
1256,7/27/16,PRW424-2R,Capital,2021059967
1257,6/22/06,PRW424-3L,Capital,2021059967
1258,7/18/06,PRW424-3L,Capital,2021059967
1259,7/17/08,PRW424-3L,Capital,2021059967
1260,6/24/09,PRW424-3L,Capital,2021059967
1261,7/21/09,PRW424-3L,Capital,2021059967
1262,6/19/12,PRW424-3L,Capital,2021059967
1263,6/25/13,PRW424-3L,Capital,2021059967
1264,7/28/14,PRW424-3L,Capital,2021059967
1265,7/27/16,PRW424-3L,Capital,2021059967
1266,6/22/06,PRW424-4R,Capital,2021059967
1267,7/18/06,PRW424-4R,Capital,2021059967
1268,7/17/08,PRW424-4R,Capital,2021059967
1269,6/24/09,PRW424-4R,Capital,2021059967
1270,7/21/09,PRW424-4R,Capital,2021059967
1271,6/19/12,PRW424-4R,Capital,2021059967
1272,6/25/13,PRW424-4R,Capital,2021059967
1273,7/28/14,PRW424-4R,Capital,2021059967
1274,7/27/16,PRW424-4R,Capital,2021059967
1275,6/21/06,PRW516-1L,Capital,2021059295
1276,7/10/06,PRW516-1L,Capital,2021059295
1277,6/11/08,PRW516-1L,Capital,2021059295
1278,7/15/08,PRW516-1L,Capital,2021059295
1279,6/24/09,PRW516-1L,Capital,2021059295
1280,7/20/09,PRW516-1L,Capital,2021059295
1281,7/23/13,PRW516-1L,Capital,2021059295
1282,7/1/14,PRW516-1L,Capital,2021059295
1283,6/21/06,PRW516-2R,Capital,2021059295
1284,7/10/06,PRW516-2R,Capital,2021059295
1285,6/11/08,PRW516-2R,Capital,2021059295
1286,7/15/08,PRW516-2R,Capital,2021059295
1287,6/24/09,PRW516-2R,Capital,2021059295
1288,7/20/09,PRW516-2R,Capital,2021059295
1289,7/23/13,PRW516-2R,Capital,2021059295
1290,7/1/14,PRW516-2R,Capital,2021059295
1291,6/21/06,PRW516-3L,Capital,2021058743
1292,7/10/06,PRW516-3L,Capital,2021058743
1293,6/11/08,PRW516-3L,Capital,2021058743
1294,7/15/08,PRW516-3L,Capital,2021058743
1295,6/24/09,PRW516-3L,Capital,2021058743
1296,7/20/09,PRW516-3L,Capital,2021058743
1297,7/23/13,PRW516-3L,Capital,2021058743
1298,7/1/14,PRW516-3L,Capital,2021058743
1299,6/21/06,PRW516-4R,Capital,2021058743
1300,7/10/06,PRW516-4R,Capital,2021058743
1301,6/11/08,PRW516-4R,Capital,2021058743
1302,7/15/08,PRW516-4R,Capital,2021058743
1303,6/24/09,PRW516-4R,Capital,2021058743
1304,7/20/09,PRW516-4R,Capital,2021058743
1305,7/23/13,PRW516-4R,Capital,2021058743
1306,7/1/14,PRW516-4R,Capital,2021058743
1307,6/23/05,16th St (Holly)-1,Capital,2021049317
1308,7/18/05,16th St (Holly)-1,Capital,2021049317
1309,6/8/06,16th St (Holly)-1,Capital,2021049317
1310,7/21/06,16th St (Holly)-1,Capital,2021049317
1311,6/6/07,16th St (Holly)-1,Capital,2021049317
1312,7/12/07,16th St (Holly)-1,Capital,2021049317
1313,6/3/08,16th St (Holly)-1,Capital,2021049317
1314,7/3/08,16th St (Holly)-1,Capital,2021049317
1315,6/2/09,16th St (Holly)-1,Capital,2021049317
1316,7/1/09,16th St (Holly)-1,Capital,2021049317
1317,6/2/10,16th St (Holly)-1,Capital,2021049317
1318,7/1/10,16th St (Holly)-1,Capital,2021049317
1319,6/23/11,16th St (Holly)-1,Capital,2021049317
1320,7/26/11,16th St (Holly)-1,Capital,2021049317
1321,6/21/12,16th St (Holly)-1,Capital,2021049317
1322,7/27/12,16th St (Holly)-1,Capital,2021049317
1323,7/29/13,16th St (Holly)-1,Capital,2021049317
1324,8/6/13,16th St (Holly)-1,Capital,2021049317
1325,6/16/14,16th St (Holly)-1,Capital,2021049317
1326,7/23/14,16th St (Holly)-1,Capital,2021049317
1327,7/14/15,16th St (Holly)-1,Capital,2021049317
1328,6/24/16,16th St (Holly)-1,Capital,2021049317
1329,7/15/16,16th St (Holly)-1,Capital,2021049317
1330,7/24/17,16th St (Holly)-1,Capital,2021049317
1331,7/18/05,16th St (Holly)-2,Capital,2021049317
1332,6/8/06,16th St (Holly)-2,Capital,2021049317
1333,7/21/06,16th St (Holly)-2,Capital,2021049317
1334,6/6/07,16th St (Holly)-2,Capital,2021049317
1335,7/12/07,16th St (Holly)-2,Capital,2021049317
1336,6/3/08,16th St (Holly)-2,Capital,2021049317
1337,7/3/08,16th St (Holly)-2,Capital,2021049317
1338,6/2/09,16th St (Holly)-2,Capital,2021049317
1339,7/1/09,16th St (Holly)-2,Capital,2021049317
1340,6/2/10,16th St (Holly)-2,Capital,2021049317
1341,7/1/10,16th St (Holly)-2,Capital,2021049317
1342,6/23/11,16th St (Holly)-2,Capital,2021049317
1343,7/26/11,16th St (Holly)-2,Capital,2021049317
1344,6/21/12,16th St (Holly)-2,Capital,2021049317
1345,7/27/12,16th St (Holly)-2,Capital,2021049317
1346,7/29/13,16th St (Holly)-2,Capital,2021049317
1347,8/6/13,16th St (Holly)-2,Capital,2021049317
1348,6/16/14,16th St (Holly)-2,Capital,2021049317
1349,7/23/14,16th St (Holly)-2,Capital,2021049317
1350,7/14/15,16th St (Holly)-2,Capital,2021049317
1351,6/24/16,16th St (Holly)-2,Capital,2021049317
1352,7/15/16,16th St (Holly)-2,Capital,2021049317
1353,7/24/17,16th St (Holly)-2,Capital,2021049317
1354,6/2/05,16th St (Holly)-3,Capital,2021049317
1355,7/18/05,16th St (Holly)-3,Capital,2021049317
1356,6/8/06,16th St (Holly)-3,Capital,2021049317
1357,7/21/06,16th St (Holly)-3,Capital,2021049317
1358,6/6/07,16th St (Holly)-3,Capital,2021049317
1359,7/12/07,16th St (Holly)-3,Capital,2021049317
1360,6/4/08,16th St (Holly)-3,Capital,2021049317
1361,7/3/08,16th St (Holly)-3,Capital,2021049317
1362,6/2/09,16th St (Holly)-3,Capital,2021049317
1363,7/1/09,16th St (Holly)-3,Capital,2021049317
1364,6/1/10,16th St (Holly)-3,Capital,2021049317
1365,7/1/10,16th St (Holly)-3,Capital,2021049317
1366,6/23/11,16th St (Holly)-3,Capital,2021049317
1367,7/26/11,16th St (Holly)-3,Capital,2021049317
1368,6/21/12,16th St (Holly)-3,Capital,2021049317
1369,7/27/12,16th St (Holly)-3,Capital,2021049317
1370,7/29/13,16th St (Holly)-3,Capital,2021049317
1371,8/6/13,16th St (Holly)-3,Capital,2021049317
1372,6/16/14,16th St (Holly)-3,Capital,2021049317
1373,7/23/14,16th St (Holly)-3,Capital,2021049317
1374,7/14/15,16th St (Holly)-3,Capital,2021049317
1375,6/24/16,16th St (Holly)-3,Capital,2021049317
1376,7/15/16,16th St (Holly)-3,Capital,2021049317
1377,7/24/17,16th St (Holly)-3,Capital,2021049317
1378,6/23/05,16th St (Holly)-4,Capital,2021049317
1379,7/18/05,16th St (Holly)-4,Capital,2021049317
1380,6/8/06,16th St (Holly)-4,Capital,2021049317
1381,7/21/06,16th St (Holly)-4,Capital,2021049317
1382,6/6/07,16th St (Holly)-4,Capital,2021049317
1383,7/12/07,16th St (Holly)-4,Capital,2021049317
1384,6/4/08,16th St (Holly)-4,Capital,2021049317
1385,7/3/08,16th St (Holly)-4,Capital,2021049317
1386,6/2/09,16th St (Holly)-4,Capital,2021049317
1387,7/1/09,16th St (Holly)-4,Capital,2021049317
1388,6/2/10,16th St (Holly)-4,Capital,2021049317
1389,7/1/10,16th St (Holly)-4,Capital,2021049317
1390,6/23/11,16th St (Holly)-4,Capital,2021049317
1391,7/26/11,16th St (Holly)-4,Capital,2021049317
1392,6/21/12,16th St (Holly)-4,Capital,2021049317
1393,7/27/12,16th St (Holly)-4,Capital,2021049317
1394,7/29/13,16th St (Holly)-4,Capital,2021049317
1395,8/6/13,16th St (Holly)-4,Capital,2021049317
1396,6/16/14,16th St (Holly)-4,Capital,2021049317
1397,7/23/14,16th St (Holly)-4,Capital,2021049317
1398,7/14/15,16th St (Holly)-4,Capital,2021049317
1399,6/24/16,16th St (Holly)-4,Capital,2021049317
1400,7/15/16,16th St (Holly)-4,Capital,2021049317
1401,7/24/17,16th St (Holly)-4,Capital,2021049317
1402,6/23/05,Fairway18-1,Capital,2021058586
1403,7/20/05,Fairway18-1,Capital,2021058586
1404,6/8/06,Fairway18-1,Capital,2021058586
1405,7/21/06,Fairway18-1,Capital,2021058586
1406,6/6/07,Fairway18-1,Capital,2021058586
1407,7/12/07,Fairway18-1,Capital,2021058586
1408,6/4/08,Fairway18-1,Capital,2021058586
1409,7/3/08,Fairway18-1,Capital,2021058586
1410,6/2/09,Fairway18-1,Capital,2021058586
1411,7/1/09,Fairway18-1,Capital,2021058586
1412,6/2/10,Fairway18-1,Capital,2021058586
1413,7/1/10,Fairway18-1,Capital,2021058586
1414,6/23/11,Fairway18-1,Capital,2021058586
1415,7/26/11,Fairway18-1,Capital,2021058586
1416,6/21/12,Fairway18-1,Capital,2021058586
1417,7/30/13,Fairway18-1,Capital,2021058586
1418,8/7/13,Fairway18-1,Capital,2021058586
1419,6/17/14,Fairway18-1,Capital,2021058586
1420,7/24/14,Fairway18-1,Capital,2021058586
1421,7/14/15,Fairway18-1,Capital,2021058586
1422,6/22/16,Fairway18-1,Capital,2021058586
1423,7/14/16,Fairway18-1,Capital,2021058586
1424,7/25/17,Fairway18-1,Capital,2021058586
1425,6/23/05,Fairway18-2,Capital,2021049618
1426,7/20/05,Fairway18-2,Capital,2021049618
1427,6/8/06,Fairway18-2,Capital,2021049618
1428,7/21/06,Fairway18-2,Capital,2021049618
1429,6/6/07,Fairway18-2,Capital,2021049618
1430,7/12/07,Fairway18-2,Capital,2021049618
1431,6/4/08,Fairway18-2,Capital,2021049618
1432,7/3/08,Fairway18-2,Capital,2021049618
1433,6/2/09,Fairway18-2,Capital,2021049618
1434,7/1/09,Fairway18-2,Capital,2021049618
1435,6/2/10,Fairway18-2,Capital,2021049618
1436,7/1/10,Fairway18-2,Capital,2021049618
1437,6/23/11,Fairway18-2,Capital,2021049618
1438,7/26/11,Fairway18-2,Capital,2021049618
1439,6/21/12,Fairway18-2,Capital,2021049618
1440,7/30/13,Fairway18-2,Capital,2021049618
1441,8/7/13,Fairway18-2,Capital,2021049618
1442,6/17/14,Fairway18-2,Capital,2021049618
1443,7/24/14,Fairway18-2,Capital,2021049618
1444,7/14/15,Fairway18-2,Capital,2021049618
1445,6/22/16,Fairway18-2,Capital,2021049618
1446,7/14/16,Fairway18-2,Capital,2021049618
1447,7/25/17,Fairway18-2,Capital,2021049618
1448,6/23/05,Fairway18-3,Capital,2021049618
1449,7/20/05,Fairway18-3,Capital,2021049618
1450,6/8/06,Fairway18-3,Capital,2021049618
1451,7/21/06,Fairway18-3,Capital,2021049618
1452,6/6/07,Fairway18-3,Capital,2021049618
1453,7/12/07,Fairway18-3,Capital,2021049618
1454,6/4/08,Fairway18-3,Capital,2021049618
1455,7/3/08,Fairway18-3,Capital,2021049618
1456,6/2/09,Fairway18-3,Capital,2021049618
1457,7/1/09,Fairway18-3,Capital,2021049618
1458,6/2/10,Fairway18-3,Capital,2021049618
1459,7/1/10,Fairway18-3,Capital,2021049618
1460,6/23/11,Fairway18-3,Capital,2021049618
1461,7/26/11,Fairway18-3,Capital,2021049618
1462,6/21/12,Fairway18-3,Capital,2021049618
1463,7/27/12,Fairway18-3,Capital,2021049618
1464,7/30/13,Fairway18-3,Capital,2021049618
1465,8/7/13,Fairway18-3,Capital,2021049618
1466,6/17/14,Fairway18-3,Capital,2021049618
1467,7/24/14,Fairway18-3,Capital,2021049618
1468,7/14/15,Fairway18-3,Capital,2021049618
1469,6/22/16,Fairway18-3,Capital,2021049618
1470,7/14/16,Fairway18-3,Capital,2021049618
1471,7/25/17,Fairway18-3,Capital,2021049618
1472,6/23/05,Fairway18-4,Capital,2021049618
1473,7/20/05,Fairway18-4,Capital,2021049618
1474,6/8/06,Fairway18-4,Capital,2021049618
1475,7/21/06,Fairway18-4,Capital,2021049618
1476,6/6/07,Fairway18-4,Capital,2021049618
1477,7/12/07,Fairway18-4,Capital,2021049618
1478,6/4/08,Fairway18-4,Capital,2021049618
1479,7/3/08,Fairway18-4,Capital,2021049618
1480,6/2/09,Fairway18-4,Capital,2021049618
1481,7/1/09,Fairway18-4,Capital,2021049618
1482,6/2/10,Fairway18-4,Capital,2021049618
1483,7/1/10,Fairway18-4,Capital,2021049618
1484,6/23/11,Fairway18-4,Capital,2021049618
1485,7/26/11,Fairway18-4,Capital,2021049618
1486,6/21/12,Fairway18-4,Capital,2021049618
1487,7/27/12,Fairway18-4,Capital,2021049618
1488,7/30/13,Fairway18-4,Capital,2021049618
1489,8/7/13,Fairway18-4,Capital,2021049618
1490,6/17/14,Fairway18-4,Capital,2021049618
1491,7/24/14,Fairway18-4,Capital,2021049618
1492,7/14/15,Fairway18-4,Capital,2021049618
1493,6/22/16,Fairway18-4,Capital,2021049618
1494,7/14/16,Fairway18-4,Capital,2021049618
1495,7/25/17,Fairway18-4,Capital,2021049618
1496,6/23/05,Fairway18-5,Capital,2021049618
1497,7/20/05,Fairway18-5,Capital,2021049618
1498,6/27/05,Picnic 21-1,Capital,2021050021
1499,7/21/05,Picnic 21-1,Capital,2021050021
1500,6/7/06,Picnic 21-1,Capital,2021050021
1501,7/24/06,Picnic 21-1,Capital,2021050021
1502,6/6/07,Picnic 21-1,Capital,2021050021
1503,7/12/07,Picnic 21-1,Capital,2021050021
1504,6/5/08,Picnic 21-1,Capital,2021050021
1505,7/7/08,Picnic 21-1,Capital,2021050021
1506,6/2/09,Picnic 21-1,Capital,2021050021
1507,7/1/09,Picnic 21-1,Capital,2021050021
1508,6/1/10,Picnic 21-1,Capital,2021050021
1509,7/1/10,Picnic 21-1,Capital,2021050021
1510,6/23/11,Picnic 21-1,Capital,2021050021
1511,7/26/11,Picnic 21-1,Capital,2021050021
1512,6/21/12,Picnic 21-1,Capital,2021050021
1513,7/27/12,Picnic 21-1,Capital,2021050021
1514,7/30/13,Picnic 21-1,Capital,2021050021
1515,8/6/13,Picnic 21-1,Capital,2021050021
1516,6/17/14,Picnic 21-1,Capital,2021050021
1517,7/24/14,Picnic 21-1,Capital,2021050021
1518,7/1/15,Picnic 21-1,Capital,2021050021
1519,6/22/16,Picnic 21-1,Capital,2021050021
1520,7/21/16,Picnic 21-1,Capital,2021050021
1521,7/25/17,Picnic 21-1,Capital,2021050021
1522,6/27/05,Picnic 21-2,Capital,2021050021
1523,7/21/05,Picnic 21-2,Capital,2021050021
1524,6/7/06,Picnic 21-2,Capital,2021050021
1525,7/24/06,Picnic 21-2,Capital,2021050021
1526,6/6/07,Picnic 21-2,Capital,2021050021
1527,7/12/07,Picnic 21-2,Capital,2021050021
1528,7/7/08,Picnic 21-2,Capital,2021050021
1529,6/2/09,Picnic 21-2,Capital,2021050021
1530,7/1/09,Picnic 21-2,Capital,2021050021
1531,6/1/10,Picnic 21-2,Capital,2021050021
1532,7/1/10,Picnic 21-2,Capital,2021050021
1533,6/23/11,Picnic 21-2,Capital,2021050021
1534,7/26/11,Picnic 21-2,Capital,2021050021
1535,6/21/12,Picnic 21-2,Capital,2021050021
1536,7/27/12,Picnic 21-2,Capital,2021050021
1537,7/30/13,Picnic 21-2,Capital,2021050021
1538,8/6/13,Picnic 21-2,Capital,2021050021
1539,6/17/14,Picnic 21-2,Capital,2021050021
1540,7/24/14,Picnic 21-2,Capital,2021050021
1541,7/1/15,Picnic 21-2,Capital,2021050021
1542,6/22/16,Picnic 21-2,Capital,2021050021
1543,7/21/16,Picnic 21-2,Capital,2021050021
1544,7/25/17,Picnic 21-2,Capital,2021050021
1545,6/27/05,Picnic 21-3,Capital,2021050021
1546,7/21/05,Picnic 21-3,Capital,2021050021
1547,6/7/06,Picnic 21-3,Capital,2021050021
1548,7/24/06,Picnic 21-3,Capital,2021050021
1549,6/6/07,Picnic 21-3,Capital,2021050021
1550,7/12/07,Picnic 21-3,Capital,2021050021
1551,6/5/08,Picnic 21-3,Capital,2021050021
1552,7/2/08,Picnic 21-3,Capital,2021050021
1553,6/2/09,Picnic 21-3,Capital,2021050021
1554,7/1/09,Picnic 21-3,Capital,2021050021
1555,6/1/10,Picnic 21-3,Capital,2021050021
1556,7/1/10,Picnic 21-3,Capital,2021050021
1557,6/23/11,Picnic 21-3,Capital,2021050021
1558,7/26/11,Picnic 21-3,Capital,2021050021
1559,6/21/12,Picnic 21-3,Capital,2021050021
1560,7/27/12,Picnic 21-3,Capital,2021050021
1561,7/30/13,Picnic 21-3,Capital,2021050021
1562,8/6/13,Picnic 21-3,Capital,2021050021
1563,6/17/14,Picnic 21-3,Capital,2021050021
1564,7/24/14,Picnic 21-3,Capital,2021050021
1565,7/1/15,Picnic 21-3,Capital,2021050021
1566,6/22/16,Picnic 21-3,Capital,2021050021
1567,7/21/16,Picnic 21-3,Capital,2021050021
1568,7/25/17,Picnic 21-3,Capital,2021050021
1569,6/24/05,Riley Spring 2-1,Capital,2021049317
1570,7/20/05,Riley Spring 2-1,Capital,2021049317
1571,6/7/06,Riley Spring 2-1,Capital,2021049317
1572,6/7/07,Riley Spring 2-1,Capital,2021049317
1573,6/4/08,Riley Spring 2-1,Capital,2021049317
1574,6/2/09,Riley Spring 2-1,Capital,2021049317
1575,7/1/09,Riley Spring 2-1,Capital,2021049317
1576,6/2/10,Riley Spring 2-1,Capital,2021049317
1577,7/1/10,Riley Spring 2-1,Capital,2021049317
1578,6/21/12,Riley Spring 2-1,Capital,2021049317
1579,7/29/13,Riley Spring 2-1,Capital,2021049317
1580,8/6/13,Riley Spring 2-1,Capital,2021049317
1581,6/17/14,Riley Spring 2-1,Capital,2021049317
1582,7/24/14,Riley Spring 2-1,Capital,2021049317
1583,7/1/15,Riley Spring 2-1,Capital,2021049317
1584,6/22/16,Riley Spring 2-1,Capital,2021049317
1585,7/15/16,Riley Spring 2-1,Capital,2021049317
1586,7/24/17,Riley Spring 2-1,Capital,2021049317
1587,6/24/05,Riley Spring 2-2,Capital,2021049317
1588,7/20/05,Riley Spring 2-2,Capital,2021049317
1589,6/7/06,Riley Spring 2-2,Capital,2021049317
1590,6/7/07,Riley Spring 2-2,Capital,2021049317
1591,7/1/09,Riley Spring 2-2,Capital,2021049317
1592,6/2/10,Riley Spring 2-2,Capital,2021049317
1593,7/1/10,Riley Spring 2-2,Capital,2021049317
1594,6/21/12,Riley Spring 2-2,Capital,2021049317
1595,7/29/13,Riley Spring 2-2,Capital,2021049317
1596,8/6/13,Riley Spring 2-2,Capital,2021049317
1597,6/17/14,Riley Spring 2-2,Capital,2021049317
1598,7/24/14,Riley Spring 2-2,Capital,2021049317
1599,7/1/15,Riley Spring 2-2,Capital,2021049317
1600,6/22/16,Riley Spring 2-2,Capital,2021049317
1601,7/15/16,Riley Spring 2-2,Capital,2021049317
1602,7/24/17,Riley Spring 2-2,Capital,2021049317
1603,6/24/05,Riley Spring 2-3,Capital,2021049317
1604,7/20/05,Riley Spring 2-3,Capital,2021049317
1605,6/7/06,Riley Spring 2-3,Capital,2021049317
1606,7/24/06,Riley Spring 2-3,Capital,2021049317
1607,6/7/07,Riley Spring 2-3,Capital,2021049317
1608,7/12/07,Riley Spring 2-3,Capital,2021049317
1609,6/4/08,Riley Spring 2-3,Capital,2021049317
1610,6/2/09,Riley Spring 2-3,Capital,2021049317
1611,7/1/09,Riley Spring 2-3,Capital,2021049317
1612,6/2/10,Riley Spring 2-3,Capital,2021049317
1613,7/1/10,Riley Spring 2-3,Capital,2021049317
1614,6/21/12,Riley Spring 2-3,Capital,2021049317
1615,7/29/13,Riley Spring 2-3,Capital,2021049317
1616,8/6/13,Riley Spring 2-3,Capital,2021049317
1617,6/17/14,Riley Spring 2-3,Capital,2021049317
1618,7/24/14,Riley Spring 2-3,Capital,2021049317
1619,7/1/15,Riley Spring 2-3,Capital,2021049317
1620,6/22/16,Riley Spring 2-3,Capital,2021049317
1621,7/15/16,Riley Spring 2-3,Capital,2021049317
1622,7/24/17,Riley Spring 2-3,Capital,2021049317
1623,6/24/05,Riley Spring 2-4,Capital,2021049317
1624,7/20/05,Riley Spring 2-4,Capital,2021049317
1625,6/7/06,Riley Spring 2-4,Capital,2021049317
1626,7/24/06,Riley Spring 2-4,Capital,2021049317
1627,6/7/07,Riley Spring 2-4,Capital,2021049317
1628,7/12/07,Riley Spring 2-4,Capital,2021049317
1629,6/4/08,Riley Spring 2-4,Capital,2021049317
1630,7/3/08,Riley Spring 2-4,Capital,2021049317
1631,6/2/09,Riley Spring 2-4,Capital,2021049317
1632,7/1/09,Riley Spring 2-4,Capital,2021049317
1633,6/2/10,Riley Spring 2-4,Capital,2021049317
1634,7/1/10,Riley Spring 2-4,Capital,2021049317
1635,6/21/12,Riley Spring 2-4,Capital,2021049317
1636,7/29/13,Riley Spring 2-4,Capital,2021049317
1637,8/6/13,Riley Spring 2-4,Capital,2021049317
1638,6/17/14,Riley Spring 2-4,Capital,2021049317
1639,7/24/14,Riley Spring 2-4,Capital,2021049317
1640,7/1/15,Riley Spring 2-4,Capital,2021049317
1641,6/22/16,Riley Spring 2-4,Capital,2021049317
1642,7/15/16,Riley Spring 2-4,Capital,2021049317
1643,7/24/17,Riley Spring 2-4,Capital,2021049317
1644,6/24/05,West Spring-1,Capital,2021049984
1645,7/21/05,West Spring-1,Capital,2021049984
1646,6/7/06,West Spring-1,Capital,2021049984
1647,7/24/06,West Spring-1,Capital,2021049984
1648,6/7/07,West Spring-1,Capital,2021049984
1649,7/12/07,West Spring-1,Capital,2021049984
1650,6/4/08,West Spring-1,Capital,2021049984
1651,7/2/08,West Spring-1,Capital,2021049984
1652,6/2/09,West Spring-1,Capital,2021049984
1653,7/1/09,West Spring-1,Capital,2021049984
1654,6/2/10,West Spring-1,Capital,2021049984
1655,7/1/10,West Spring-1,Capital,2021049984
1656,6/23/11,West Spring-1,Capital,2021049984
1657,7/26/11,West Spring-1,Capital,2021049984
1658,6/21/12,West Spring-1,Capital,2021049984
1659,7/27/12,West Spring-1,Capital,2021049984
1660,7/30/13,West Spring-1,Capital,2021049984
1661,8/7/13,West Spring-1,Capital,2021049984
1662,6/16/14,West Spring-1,Capital,2021049984
1663,7/23/14,West Spring-1,Capital,2021049984
1664,7/1/15,West Spring-1,Capital,2021049984
1665,6/22/16,West Spring-1,Capital,2021049984
1666,7/14/16,West Spring-1,Capital,2021049984
1667,7/25/17,West Spring-1,Capital,2021049984
1668,6/24/05,West Spring-2,Capital,2021049984
1669,7/21/05,West Spring-2,Capital,2021049984
1670,6/7/06,West Spring-2,Capital,2021049984
1671,7/24/06,West Spring-2,Capital,2021049984
1672,6/7/07,West Spring-2,Capital,2021049984
1673,7/12/07,West Spring-2,Capital,2021049984
1674,6/4/08,West Spring-2,Capital,2021049984
1675,7/2/08,West Spring-2,Capital,2021049984
1676,6/2/09,West Spring-2,Capital,2021049984
1677,7/1/09,West Spring-2,Capital,2021049984
1678,6/2/10,West Spring-2,Capital,2021049984
1679,7/1/10,West Spring-2,Capital,2021049984
1680,6/23/11,West Spring-2,Capital,2021049984
1681,7/26/11,West Spring-2,Capital,2021049984
1682,6/21/12,West Spring-2,Capital,2021049984
1683,7/27/12,West Spring-2,Capital,2021049984
1684,7/30/13,West Spring-2,Capital,2021049984
1685,8/7/13,West Spring-2,Capital,2021049984
1686,6/16/14,West Spring-2,Capital,2021049984
1687,7/23/14,West Spring-2,Capital,2021049984
1688,7/1/15,West Spring-2,Capital,2021049984
1689,6/22/16,West Spring-2,Capital,2021049984
1690,7/14/16,West Spring-2,Capital,2021049984
1691,7/25/17,West Spring-2,Capital,2021049984
1692,6/24/05,West Spring-3,Capital,2021049984
1693,7/21/05,West Spring-3,Capital,2021049984
1694,6/7/06,West Spring-3,Capital,2021049984
1695,7/24/06,West Spring-3,Capital,2021049984
1696,6/7/07,West Spring-3,Capital,2021049984
1697,7/11/07,West Spring-3,Capital,2021049984
1698,7/2/08,West Spring-3,Capital,2021049984
1699,6/2/09,West Spring-3,Capital,2021049984
1700,7/1/09,West Spring-3,Capital,2021049984
1701,6/2/10,West Spring-3,Capital,2021049984
1702,7/1/10,West Spring-3,Capital,2021049984
1703,6/23/11,West Spring-3,Capital,2021049984
1704,7/26/11,West Spring-3,Capital,2021049984
1705,6/21/12,West Spring-3,Capital,2021049984
1706,7/27/12,West Spring-3,Capital,2021049984
1707,7/30/13,West Spring-3,Capital,2021049984
1708,8/7/13,West Spring-3,Capital,2021049984
1709,6/16/14,West Spring-3,Capital,2021049984
1710,7/23/14,West Spring-3,Capital,2021049984
1711,7/1/15,West Spring-3,Capital,2021049984
1712,6/22/16,West Spring-3,Capital,2021049984
1713,7/14/16,West Spring-3,Capital,2021049984
1714,7/25/17,West Spring-3,Capital,2021049984
1715,6/24/05,West Spring-4,Capital,2021049984
1716,7/21/05,West Spring-4,Capital,2021049984
1717,6/7/06,West Spring-4,Capital,2021049984
1718,7/24/06,West Spring-4,Capital,2021049984
1719,6/7/07,West Spring-4,Capital,2021049984
1720,7/12/07,West Spring-4,Capital,2021049984
1721,6/5/08,West Spring-4,Capital,2021049984
1722,7/2/08,West Spring-4,Capital,2021049984
1723,6/2/09,West Spring-4,Capital,2021049984
1724,7/1/09,West Spring-4,Capital,2021049984
1725,6/2/10,West Spring-4,Capital,2021049984
1726,7/1/10,West Spring-4,Capital,2021049984
1727,6/23/11,West Spring-4,Capital,2021049984
1728,7/26/11,West Spring-4,Capital,2021049984
1729,6/21/12,West Spring-4,Capital,2021049984
1730,7/27/12,West Spring-4,Capital,2021049984
1731,7/30/13,West Spring-4,Capital,2021049984
1732,8/7/13,West Spring-4,Capital,2021049984
1733,6/16/14,West Spring-4,Capital,2021049984
1734,7/23/14,West Spring-4,Capital,2021049984
1735,7/1/15,West Spring-4,Capital,2021049984
1736,6/22/16,West Spring-4,Capital,2021049984
1737,7/14/16,West Spring-4,Capital,2021049984
1738,7/25/17,West Spring-4,Capital,2021049984
1739,6/1/12,Piney River Headwater 1,Shenandoah,2021058897
1740,6/4/12,PRC1E,Shenandoah,2021058896
1741,6/4/12,PRC2E,Shenandoah,2021059874
1742,6/5/12,JRC1DS,Shenandoah,2021060032
1743,6/6/12,PRC1WL,Shenandoah,2021058896
1744,6/6/12,RRC1DS,Shenandoah,2021064768
1745,6/7/12,NCC1W1,Shenandoah,2021065452
1746,6/7/12,NCC1U2,Shenandoah,2021065382
1747,6/11/12,HRC2EL,Shenandoah,2021062818
1748,6/11/12,HRC2EU,Shenandoah,2021062408
1749,6/12/12,PARC1SL,Shenandoah,2021061379
1750,6/12/12,PARU2,Shenandoah,2021061379
1751,6/13/12,BRC1WL,Shenandoah,2021071416
1752,6/14/12,MRC2SU,Shenandoah,2021074305
1753,6/18/12,BMT1U1,Shenandoah,2021081056
1754,6/19/12,WRH1U1,Shenandoah,2021081491
1755,6/20/12,RGH1U1,Shenandoah,2021081654
1756,6/21/12,PR_xxxx,Shenandoah,2021058897
1757,6/26/12,PRC3DS,Shenandoah,2021059874
1758,6/27/12,MRC3ML,Shenandoah,2021074364
1759,7/2/12,NFMTL2,Shenandoah,2021073775
1760,7/3/12,RMRTS,Shenandoah,2021071311
1761,7/4/12,RRC1EU,Shenandoah,2021064790
1762,7/9/12,RRC4TL,Shenandoah,2021064784
1763,7/10/12,HRMC2,Shenandoah,2021062953
1764,7/11/12,BRC1EL,Shenandoah,2021071416
1765,7/11/12,BRC1WL,Shenandoah,2021071416
1766,7/12/12,PRC1EL,Shenandoah,2021058896
1767,7/25/12,BRC1DS,Shenandoah,2021071416
1768,6/6/12,RRC1EL,Shenandoah,2021064790
1769,6/6/12,RRC1EU,Shenandoah,2021064790
1770,6/7/12,NCC1W2,Shenandoah,2021065452
1771,6/7/12,NCC1U1,Shenandoah,2021065382
1772,6/11/12,HRC2WL,Shenandoah,2021062818
1773,6/11/12,HRC2WU,Shenandoah,2021062407
1774,6/12/12,PARC1NL,Shenandoah,2021061379
1775,6/12/12,PARU1,Shenandoah,2021061379
1776,6/13/12,BRC1EL,Shenandoah,2021071416
1777,6/13/12,BRC1DS,Shenandoah,2021071416
1778,6/14/12,MRC2SL,Shenandoah,2021074305
1779,6/14/12,MRC2NL,Shenandoah,2021074306
1780,6/18/12,BMT1U2,Shenandoah,2021081056
1781,6/19/12,WRH1U2,Shenandoah,2021081491
1782,6/21/12,MRC2T1,NA,NA
1783,6/22/12,FireRoadSite,Shenandoah,2021064525
1784,6/25/12,PR300,NA,NA
1785,6/25/12,PR150,Shenandoah,2021058897
1786,6/26/12,PRC3TL,Shenandoah,2021059874
1787,6/27/12,MRC3TL,NA,NA
1788,7/2/12,NFMTL1,Shenandoah,2021073775
1789,7/3/12,RMRTN,Shenandoah,2021071311
1790,7/4/12,RRC1EL,Shenandoah,2021064790
1791,7/9/12,RRC4ML,Shenandoah,2021064784
1792,7/10/12,HRMC1,Shenandoah,2021062953
1793,7/11/12,BRC4ML,Shenandoah,2021071311
1794,7/11/12,BRC4TL,Shenandoah,2021071311
1795,7/12/12,PRC1WL,Shenandoah,2021058896
1796,7/13/12,PRDS1K,Shenandoah,2021059874
1797,7/16/12,PARC1NL,Shenandoah,2021061379
1798,7/16/12,PARC1SL,Shenandoah,2021061379
1799,7/17/12,RRC1DS,Shenandoah,2021064768
1800,7/17/12,RRC1NM,Shenandoah,2021064767
1801,7/18/12,MPC1DS,Shenandoah,2021065189
1802,7/23/12,CCC1ML,Shenandoah,2021062652
1803,7/23/12,CCC1TL,Shenandoah,2021062817
1804,7/24/12,MRC1ML,Shenandoah,2021073980
1805,5/29/18,PopLick,Savage River State Forest,2021041478
1806,5/30/18,Alexander Run,Savage River State Forest,205386440
1807,6/7/18,Alexander Run,Savage River State Forest,205386440
1808,6/7/18,PopLick,Savage River State Forest,2021041478
1809,6/8/18,ElkLick,Savage River State Forest,2021041507
1810,6/9/18,Alexander Run,Savage River State Forest,205386440
1811,6/9/18,PopLick,Savage River State Forest,2021041478
1812,6/19/18,ElkLick,Savage River State Forest,2021041507
1813,6/20/18,ElkLick,Savage River State Forest,2021041507
1814,6/21/18,ElkLick,Savage River State Forest,2021041507
1815,6/21/18,Mill,Savage River State Forest,2021042707
1816,6/25/18,BlueLick,Savage River State Forest,2021040567
1817,6/25/18,West Shale North,Savage River State Forest,205386772
1818,6/26/18,BlueLick,Savage River State Forest,2021040567
1819,6/26/18,ElkLick,Savage River State Forest,2021041507
1820,6/26/18,Mill,Savage River State Forest,2021042707
1821,6/28/18,Koch,Savage River State Forest,205388232
1822,6/29/18,BlueLick,Savage River State Forest,2021040567
1823,6/29/18,Mill,Savage River State Forest,2021042707
1824,7/3/18,BlueLick,Savage River State Forest,2021040567
1825,7/5/18,Koch,Savage River State Forest,205388232
1826,7/9/18,Koch,Savage River State Forest,205388232
1827,7/10/18,Koch,Savage River State Forest,205388232
1828,7/12/18,Alexander Run,Savage River State Forest,205386440
1829,7/16/18,Bowser-Dung Hill,Savage River State Forest,205387301
1830,7/18/18,Bowser-Dung Hill,Savage River State Forest,205387301
1831,8/6/18,ElkLick,Savage River State Forest,2021041507
1832,8/7/18,ElkLick,Savage River State Forest,2021041507
1833,8/8/18,ElkLick,Savage River State Forest,2021041507
1834,8/10/18,Maynardier Ridge at Bear Hill,Savage River State Forest,205387966
